item,count
Test Preparation Needed?,332
Why Get Tested?,331
Sample Required?,331
What is being tested?,331
When To Get Tested?,328
When is it ordered?,328
What does the test result mean?,328
Is there anything else I should know?,310
How is the test used?,179
How is it used?,147
How is the sample collected for testing?,59
Is any test preparation needed to ensure the quality of the sample?,55
Health Professionals – LOINC,28
See Reference Range,14
How long will it take for results?,14
How long will it take for my results?,7
How long will it take for my results?,7
How long does it take to get results?,3
What other lab tests may be done?,3
What is a direct LDL cholesterol test?,3
What is a direct LDL cholesterol test?,3
How long does it take for results?,3
Overview,3
When to Get Tested?,3
How long will it take to get the results of my test?,3
How long will it take to get the results of my test?,3
Where can I get tested?,3
Should everyone with leukemia be tested?,3
Why do I have to collect my urine for 24 hours?,3
Can I have decreased or abnormal fibrinogen and not know it?,2
Can results of testing be used to determine the course of my cancer?,2
Can results of testing be used to determine the course of my cancer?,2
Can I have more than one cause of hepatitis?,2
Why would a man need a test for FSH and LH? I thought these were female hormones.,2
Can this test be done in my healthcare practitioner's office?,2
When are they ordered?,2
Are these tests always run as a panel?,2
"If I have CAH, or my child does, should my family members be tested?",2
Who needs iron supplements?,2
"If I have CAH, or my child does, should my family members be tested?",2
What is Menkes kinky hair syndrome?,2
Potassium Reference Range,2
"What is the difference between serum/plasma albumin, prealbumin, and urine albumin tests?",2
Can I choose either a blood or a urine B2M test?,2
Can I get antibodies from donating blood?,2
How fast does autoimmune hepatitis progress?,2
How is anaphylaxis treated?,2
Can I have more than one pheochromocytoma at once?,2
What medications can affect thyroid testing?,2
How can my actual GFR be determined?,2
Do healthcare practitioners test thyroid hormones during pregnancy?,2
Would this testing also be performed on a man?,2
What other testing might be done?,2
What causes pancreatic insufficiency?,2
Will my results be accurate if I must continue to take my medication?,2
Are some people at a higher risk for developing a carcinoid tumor?,2
Can this test be performed by my local laboratory?,2
Should everyone have their APOE genotype tested?,2
Can this test be performed by my local laboratory?,2
How serious is myasthenia gravis (MG)?,2
How serious is myasthenia gravis (MG)?,2
Is it really necessary to collect urine for 24 hours?,2
Can MG be inherited?,2
Do I need to have a liver biopsy?,2
Can I have my blood tested instead of having a tissue biopsy?,2
Can MG be inherited?,2
Are there other genetic mutations associated with MPNs?,2
What is rhabdomyolysis?,2
What is Edwards syndrome?,2
Why would my healthcare provider order additional tests?,2
"If I have chest pain, does that mean I am having a heart attack?",2
What else can cause diarrhea?,2
"If I have chest pain, does that mean I am having a heart attack?",2
Is there a reason to test for APOE genotype more than once?,2
Sodium Reference Range,2
What is Down syndrome?,2
What is rhabdomyolysis?,2
Can this test be performed on my blood instead?,2
Can this test be performed on my blood instead?,2
Are there other non-invasive screening tests for these disorders?,2
Should I tell my partner that I have syphilis?,1
Should I tell my partner that I have chlamydia?,1
Should I tell my other healthcare providers that I am taking sirolimus?,1
Should I tell my other healthcare providers about my CYP2C19 test results?,1
Should I tell my other doctors I have von Willebrand disease?,1
Should I tell other doctors about my warfarin sensitivity?,1
Should I tell my partner that I have trichomoniasis?,1
Should I tell my other healthcare providers that I am taking tacrolimus?,1
Should I tell my other healthcare providers that I am taking mycophenolate?,1
,1
Should I tell my healthcare providers that I am taking clopidogrel?,1
Should I get a tuberculosis screening test if I am pregnant?,1
Should everyone with liver damage be tested for liver kidney microsome type 1 antibodies (anti-LKM-1)?,1
Should everyone with lung cancer have ALK mutation testing?,1
Should everyone with muscle pain and weakness have a CK test?,1
Should everyone with muscle pain and weakness have a myoglobin test?,1
Should everyone with suspected tuberculosis have an ADA test performed?,1
Should every pregnant woman have a folate test?,1
Should every pregnant woman have amniotic fluid analysis?,1
Should every woman be treated with antibiotics for GBS during delivery or during pregnancy?,1
Should I ask my healthcare practitioner about having NIPS performed?,1
Should I be concerned if my doctor only orders a total calcium test and not free or ionized calcium?,1
Should I be taking copper supplements or trying to get more copper in my diet?,1
Should I be tested for HTLV-I/II if I have some of the risk factors?,1
Should I eat more protein to make up for lost protein?,1
Should I get a flu shot?,1
Should I get a tuberculosis skin test if I am pregnant?,1
Should I tell my dentist or other healthcare providers about my antithrombin deficiency?,1
Should I get the HBV vaccine?,1
Should I have a PT done at the same time of day?,1
Should I have a test for CA 27.29 in addition to the CA 15-3 test?,1
Should I have both the serotonin and 5-HIAA tests performed?,1
Should my other family members be tested for warfarin sensitivity?,1
"Should I take magnesium supplements? And if so, how much?",1
Should I take mineral supplements?,1
Should I tell all my healthcare providers about being diagnosed with drug-induced lupus?,1
Should I tell all of my doctors if I have CAH?,1
Should I tell all of my doctors that I am taking theophylline?,1
Should I tell all of my healthcare practitioners if I have CAH?,1
Should I tell all of my healthcare practitioners that I have an HIT antibody?,1
Should I tell a new healthcare practitioner that I have antiphospholipid antibodies?,1
Should I tell a new healthcare provider that I have cardiolipin antibodies?,1
Should I just take iron supplements?,1
Tests for Infections,1
Shouldn't someone with a family history of diabetes have a fructosamine test?,1
What are the risk factors for preterm labor and delivery?,1
What are the recommended dietary allowances (RDA) for vitamin A?,1
What are the Recommended Dietary Allowances (RDA) for B vitamins?,1
What are the recommendations for rubella vaccination?,1
What are the reasons to test for a specific HLA gene allele?,1
What are the pros and cons of the TPMT phenotype test and the genotype test?,1
What are the other parts of the innate immune system?,1
What are the main risk factors for pancreatic cancer?,1
What are the long-term consequences of pancreatitis?,1
What are the dietary sources of vitamin A?,1
What are the causes of primary adrenal insufficiency?,1
What are symptoms of low magnesium?,1
What are some types of lab methods used for this testing?,1
What are some traditional tests for respiratory infections?,1
What are some tests that may be done to help decide whether a prostate cancer is likely to be fast-growing and spread (metastasize) and therefore should be removed rather than watched?,1
What are some tests that may be done in follow up?,1
What are some side effects of immunotherapy?,1
What are some serious side effects of levetiracetam?,1
What are the risk factors for liver cancer?,1
What are the treatment options for bacterial infections?,1
Should pregnant women be vaccinated for rubella?,1
What are the usual treatments for diabetes?,1
What can I do to make my creatinine level normal?,1
What can I do to lower or increase leptin levels?,1
What can I do to lower my CRP level?,1
What can I do to lower my apo B?,1
What can I do to increase or decrease bone marker results?,1
What can I do to help prevent formation of a neural tube defect?,1
What can I do to decrease my lactoferrin?,1
What can I do to decrease my calprotectin?,1
What can I do to change my histone antibody level?,1
What can I do to avoid the symptoms of cold agglutinin disease?,1
What can I do to avoid getting a bacterial infection of the digestive tract?,1
What can cause false-positive results in a marijuana test?,1
What can cause a false-positive result?,1
What can cause a false-negative urine hCG?,1
What can be done about post-lumbar puncture pain?,1
What are tumor markers?,1
"What are total testosterone, free testosterone, and bioavailable testosterone?",1
What are some other tests that might be done to detect iron deficiency or iron overload?,1
What are some other tests that may be done when the PSA level is only slightly elevated to help decide whether a prostate cancer is present?,1
What are some other tests that may be done to determine the underlying cause of cryoglobulinemia?,1
What are some other risk factors for ovarian cancer?,1
Visual Exam,1
View Sources,1
View Comprehensive Table of Drugs that May Be Tested,1
Urobilinogen,1
Urine color,1
Urine clarity,1
Tuberculin Skin Test,1
Total Calcium Reference Range,1
"The size of the swelling is measured and used to determine if the TB skin test is positive or negative. Image credit: Gabrielle Beninson, CDC",1
The results of my hepatitis panel came back negative.  What other conditions can cause similar symptoms?,1
The names HTLV and HIV look and sound similar – are these diseases related?,1
Sweat Chloride Sample Collection,1
Specific gravity,1
Sources,1
Size,1
Should someone with a factor V Leiden mutation be on long-term anticoagulant therapy?,1
Should relatives of someone with an inherited protein C or protein S deficiency be tested?,1
WBC Differential Reference Range,1
What are aldosterone stimulation and suppression tests?,1
What are appropriate treatments for the common causes of low potassium (hypokalemia) and high potassium (hyperkalemia)?,1
What are some causes of anemia besides iron deficiency?,1
What are some other details about T cells?,1
What are some other details about B cells?,1
What are some of the specific methods used to analyze kidney stones?,1
What are some good sources of folic acid and vitamins B6 and B12?,1
What are some good dietary sources of potassium?,1
What are some common risk factors for inappropriate blood clotting?,1
What are some common opportunistic infections I might get if I have an HIV infection?,1
What are some additional details on LA testing results?,1
What are Bence Jones proteins?,1
What are phytoestrogens and environmental estrogens?,1
What are my treatment options?,1
What are globulin proteins and how are they measured in blood?,1
What are free light chains and how are they related to immunoglobulins?,1
What are estrogen receptors?,1
"What are congenital (inherited) dysfibrinogenemia, hypofibrinogenemia and afibrinogenemia?",1
What are chronic inflammatory diseases?,1
Should everyone with flu-like symptoms be tested for Legionella?,1
Should everyone have an Lp-PLA2 test?,1
Should everyone with cancer have KRAS mutation testing?,1
Leukocyte esterase,1
I will have several thyroglobulin tests done over time. Why do I need to have them done at the same lab?,1
I was diagnosed with ductal-carcinoma in situ. Will hormone receptor testing be done?,1
I’ve recently been diagnosed with type 2 diabetes. Will I need to monitor my glucose levels every day?,1
I’ve heard some athletes are tested for EPO. Why?,1
"I’ve heard of ""ultrasensitive PSA."" What is it?",1
I’ve heard of Trinder's test for salicylates. What is it?,1
I’ve heard of a stool DNA test for colon cancer screening. What is it?,1
I've had strep throat before and was treated with antibiotics. Can I get it again?,1
I've had pneumonia before and currently have asthma. Why has my doctor never ordered this test for me?,1
Is vitamin D a necessary component of calcium supplements?,1
Is toxoplasmosis treatable?,1
Is toxoplasmosis contagious?,1
Is this the same parvovirus that affects dogs and cats? Can I catch it from my pet?,1
"Is this test used for purposes other than detecting problems with the adrenal gland, ovaries or testicles?",1
Is this test used for other purposes?,1
Is this test recommended for everyone with cancer?,1
Is this test different than a platelet function test?,1
Ketones,1
"Like a flu test or strep test, can this test be performed in my healthcare practitioner's office?",1
Is there treatment for VWD?,1
"Like the rapid strep test, can the anti-DNase B test be performed in my doctor's office?",1
My doctor ordered a stool osmolality test. Why?,1
My doctor instructed me to take my iron supplement and then have an iron test done.  Why would that be?,1
My creatinine result is slightly out of range. What does this mean?,1
My complete blood count (CBC) report includes a result for reticulocyte hemoglobin. What is it?,1
My complete blood count (CBC) report includes a result for immature platelet fraction (IPF). What is it?,1
My complete blood count (CBC) report includes a result for immature granulocytes (IG). What are they?,1
My chloride level is only slightly out of range. What does this mean?,1
My CBC report includes a result for reticulocyte hemoglobin. What is it?,1
My CBC report includes a result for immature platelet fraction (IPF). What is it?,1
My CBC report includes a result for immature granulocytes (IG). What are they?,1
My BUN result is slightly out of range. What does this mean?,1
My bicarbonate level is only slightly out of range. What does this mean?,1
"My allergy test was negative, but I continue to have symptoms. What else could it be?",1
My allergy symptoms are generally mild. How serious is this really?,1
Monocytes,1
Microscopic Exam,1
Lymphocytes,1
Is the time of day a factor when collecting a urine sample?,1
Is there treatment available for lactose intolerance?,1
My doctor ordered more blood cultures after the initial cultures were drawn. Why?,1
Is there anything I can do to prevent getting AChR binding antibodies?,1
Is there anything I can do to lower my LD?,1
Is there anything I can do to lower my IgE level?,1
Is there anything I can do to lower my CK level?,1
Is there anything I can do to increase protein C and protein S levels?,1
Is there anything I can do to get rid of the alcohol in my system faster?,1
Is there anything I can do to get rid of lupus anticoagulant?,1
Is there anything I can do to decrease my lactate level?,1
Is there anything I can do to decrease my anticentromere antibody level?,1
Is there anything I can do to affect my anti-dsDNA level?,1
Is there any reason to repeat a <em>JAK2</em> mutation test?,1
Is there any other way to measure my oxygen levels?,1
Is there a home test I can use to check my potassium level?,1
Is there a home test for LH?,1
Is there a home test for hemoglobin A1c?,1
Is there a home test for FSH?,1
Is there a home test for albumin levels?,1
Is there a blood test for RSV?,1
Is there anything I can do to prevent albuminuria (microalbuminuria)?,1
Is there anything I can do to prevent getting MuSK binding antibodies?,1
Is there something I can do to get rid of my cryoglobulins?,1
Is there anything I can do to prevent or get rid of antiphospholipid antibodies?,1
Is there something I can do to alter my immunoglobulin levels?,1
Is there a way to prevent viral hepatitis?,1
Is there a way to prevent hepatitis A?,1
Is there a way to naturally increase my testosterone?,1
Is there a vaccine like the flu shot to prevent RSV?,1
Is there a vaccine for West Nile virus (WNV)?,1
Is there a urine test for bilirubin?,1
Is there a treatment for low EPO?,1
"Is there a reason to test a ""peak"" sample when my TNF inhibitor should be at its highest level, or a random sample (neither peak nor trough)?",1
Is there a reason to repeat a xylose test?,1
"Is there a reason to choose one type of sample (blood, bone marrow, or tissue) over another for testing?",1
Is there any way to prevent getting CMV?,1
Is there any way to prevent getting a parvovirus B19 infection?,1
Is there any way to prevent a pheochromocytoma from forming?,1
Is there any way to lower my Lp(a)?,1
Is there any way to cure iron overload?,1
Is there anything I can do to raise or lower my thyroglobulin level?,1
My doctor ordered a test for albumin-corrected calcium. What is it?,1
"My doctor ordered only a 4-test ENA panel, not a 6-test ENA panel.  Will something be missed?",1
Should everyone who takes aspirin regularly have a salicylate test performed?,1
Should everyone be tested for <em>H. pylori</em>?,1
Should everyone be tested for CCP antibody?,1
Should everyone be tested for arboviruses?,1
Should everyone be tested for antiphospholipid antibodies?,1
Should both a lactoferrin and a calprotectin test be done?,1
Should athletes and others pay particular attention to re-hydrating after playing sports or exercising to keep their sodium levels up?,1
Should all antibiotic therapy be monitored like aminoglycosides?,1
Shape,1
See Reference Ranges,1
Sample required?,1
Reticulocyte Count Reference Range,1
Red blood cells (RBCs),1
Red Blood Cell (RBC) Tests,1
Red Blood Cell Count Reference Range,1
Protein,1
Platelet Tests,1
Platelet Count Reference Range,1
pH,1
Should everyone be tested for CYP2C19 gene variations?,1
Should everyone be tested for HTLV-I/II?,1
"Other than stool tests, are there other ways of screening for colon cancer?",1
Should everyone be tested for measles and mumps immunity?,1
Should everyone who is overweight have a leptin test performed?,1
Should everyone have vitamin B12 and folate tests?,1
Should everyone have this testing done?,1
Should everyone have their levels of trace minerals tested?,1
Should everyone have their B vitamin levels checked?,1
Should everyone have platelet function tests?,1
Should everyone have lactose tolerance testing?,1
Should everyone have bone marker testing performed?,1
Should everyone have a ZPP test?,1
Should everyone have a serum free light chain test?,1
Should everyone have a parietal cell antibody test?,1
Should everyone have an RBC antibody screen performed?,1
What can I do to prevent the spread of strep throat?,1
Should everyone have an Lp(a) test done?,1
Should everyone have an intrinsic factor antibody test?,1
Should everyone have an HLA-B27 test done?,1
Should everyone be tested for toxoplasmosis?,1
"Other than stool tests, are there other ways to screen for colon cancer?",1
"Other than organ and tissue compatibility testing, what else is HLA gene and antigen testing used for?",1
My doctor said I have <em>Bordetella parapertussis</em>. Is this the same as whooping cough?,1
My RBC count is slightly out of range. What does this mean?,1
My potassium level is only slightly out of range. What does this mean?,1
My platelet count is low. How can I increase it?,1
My newborn had a TSH test done. Why?,1
My newborn had an MMA test done. Why?,1
My newborn had an immunoglobulin test. Why?,1
My newborn had a homocysteine test done. Why?,1
My newborn had a free T4 test. Why?,1
My mother was diagnosed as having porphyria many years ago but has not had any symptoms since then. Why is this?,1
My lab report includes a cholesterol ratio. What is it?,1
"My iron level is normal, but my ferritin level is low. Why is that?",1
"My healthcare practitioner's office called to say they need a new urine sample, the first was contaminated. What happened?",1
My healthcare practitioner says my viral load is too low for drug resistance testing. Why?,1
My healthcare practitioner said I had symptoms of a urinary tract infection and prescribed antibiotics without performing a urine culture. Why?,1
My healthcare practitioner ordered a test for thiopurine metabolites. What is it and how is it related to TPMT testing?,1
My father has been diagnosed with probable late onset Alzheimer disease and his APOE genotype test is negative for e4 alleles. Should his doctor be doing other genetic testing?,1
My father has been diagnosed with early onset Alzheimer disease. Can my doctor tell if my father has a genetic mutation without a blood test?,1
My doctor told me that my extra ACTH is not produced in my pituitary gland. What is going on?,1
"My PT/INR results vary sometimes, yet my doctor doesn’t change my prescription. Why?",1
My report includes an M/E ratio. What is it?,1
One of the results from my renal panel is slightly out of range. What does this mean?,1
My report includes mean platelet volume (MPV) and platelet distribution width (PDW). What are they?,1
One of the results from my electrolyte panel is slightly out of range. What does this mean?,1
One of the results from my BMP is slightly out of range. What does this mean?,1
"Once I've had a pathogenic bacterial infection, can I be re-infected?",1
"Once I've had a parasitic infection, can I be re-infected?",1
"Once I've had a <em>C. difficile</em> infection, can I be re-infected?",1
"Once I have had a <em>Toxoplasma gondii</em> infection, can I get infected again?",1
"Once I have gestational diabetes, will I continue to have diabetes after delivery?",1
"Once I have developed TNF inhibitor antibodies, will they go away?",1
"Once I have been treated for a bacterial lower respiratory tract infection, can the infection return?",1
"Once I have been treated, can my infection return?",1
"Once I have been treated and/or recovered from hepatitis C, can I get infected again?",1
Nitrite,1
Neutrophils,1
"My uric acid level is high, but I don't have gout. What does this mean?",1
My sodium level is only slightly out of range. What does this mean?,1
"My report mentions ""giant platelets."" What are they?",1
"My report mentions a ""left shift."" What does this mean?",1
What can I do to prevent a kidney stone and prevent recurrence?,1
What does the test result mean (adults)?,1
What can I do to protect against arboviruses?,1
Who orders lithium tests?,1
Why does my doctor want me to go to the same laboratory each time I have my HIV viral load tested?,1
Why does it need to be a fresh stool sample?,1
Why does insulin have to be injected?,1
Why didn't my healthcare practitioner check my thyroglobulin level before removing my thyroid?,1
Why did my doctor report my child's whooping cough?,1
"Why did I get sick eating something when I travelled internationally, but the locals who ate the same thing did not get sick?",1
Why can blood culture results take so long?,1
Why are some inherited bleeding disorders more severe than others?,1
Why aren't antibiotics a recommended treatment for an infection with Shiga toxin-producing E. coli ?,1
Why are my A1c and blood glucose different?,1
"Why are factors such as age, sex, and race used in eGFR calculations?",1
Why are aminoglycosides used at all if they can cause permanent hearing loss?,1
Who should take iron supplements?,1
Who performs MTHFR testing?,1
Who performs arbovirus testing?,1
Who performs a kidney stone analysis?,1
Who orders tacrolimus tests?,1
Why does my doctor want to know all of the medications and supplements I am taking?,1
Why does my doctor want to send a second sTfR test to the same laboratory as the first test?,1
Why does my lab report also list carboxyhemoglobin? What is it?,1
Why is having syphilis a problem during pregnancy?,1
Why is my healthcare provider testing me for 21-hydroxylase autoantibodies and/or adrenal cytoplasmic autoantibodies?,1
Why is my healthcare provider asking me to take my TB medication in the presence of a nurse?,1
Why is my healthcare practitioner not screening me for CA 19-9?,1
Why is my family history important?,1
"Why is mono sometimes called ""the kissing disease""?",1
Why is it important to have my blood drawn for my digoxin test at a certain time?,1
Why is it called Legionnaires disease?,1
Why is every newborn screened for hemoglobinopathies?,1
Why doesn't a drug screen measure all drugs?,1
Why haven't I heard about mycoplasmas?,1
Why hasn't the automated blood cell counter totally replaced the blood smear?,1
Why get tested?,1
Why do I need to avoid live vaccines while I am taking methotrexate?,1
Why do I need a spinal tap? Why can't my blood or urine be tested?,1
Why does the karyotype take several days to perform?,1
Why does the healthcare practitioner need a 24-hour urine sample if a random sample has already been tested?,1
Who orders sirolimus tests?,1
Who orders digoxin tests?,1
What other tests might my healthcare provider recommend if my child has CF?,1
Who orders cyclosporine tests?,1
What type of nutrition is recommended for optimal protein levels?,1
What treatments are recommended if I have unhealthy lipid levels?,1
What treatments are recommended for low HDL-C levels?,1
What treatments are recommended for high non-HDL-C levels?,1
What treatments are recommended for high LDL-C levels?,1
What treatment is prescribed for abnormal chloride levels?,1
What tests may be done in follow up to an abnormal liver panel to help determine the cause of liver injury?,1
What tests are usually done to evaluate a person for Alzheimer disease?,1
What strategies can be used to lower triglyceride levels?,1
What steps should a pregnant woman (or anyone else) take to prevent toxoplasmosis infection?,1
What signs and symptoms are seen with excess GH and IGF-1 production?,1
What signs and symptoms are seen with deficient GH and IGF-1?,1
What should I do if I forget to save one urine sample during the collection?,1
What should I ask my healthcare practitioner before taking prescription opioids?,1
What puts me at risk for recurrent urinary tract infections?,1
What proportion of infertility cases are caused by male fertility problems?,1
"What products in the U.S. still contain lead, besides paint and ceramics?",1
What type of testing is used to confirm infection with these microorganisms?,1
What types of fish have higher levels of mercury?,1
What types of infections can lead to sepsis?,1
White Blood Cell Count Reference Range,1
Who is at risk of sepsis?,1
Who is at risk for sickle cell disease?,1
Who is at risk for liver disease and/or damage?,1
Who is at risk for antiphospholipid syndrome?,1
Who are universal blood donors and recipients?,1
White Blood Cell (WBC) Tests,1
White blood cells (WBCs),1
Where are sirolimus tests performed?,1
When can my child go back to school?,1
Where are mycophenolic acid tests performed?,1
When to get tested?,1
"When my increased ammonia level has returned to normal, can it rise again?",1
When is the pertussis vaccine given?,1
When is a blood hCG test ordered instead of a urine hCG?,1
"When I look on the Internet for information about safe and unsafe drugs, different sites use different classifications and the lists are not the same. Why is this?",1
When do people typically get measles and mumps vaccinations?,1
Why is my travel history important to my healthcare practitioner?,1
Why isn't a Gram stain performed on all samples sent for culture?,1
Why isn’t CA-125 used to screen for ovarian cancer?,1
Why isn’t calcitonin testing performed as a routine screen?,1
Will I need to have this test done more than once?,1
Will I have gestational diabetes with subsequent pregnancies?,1
Will I have all or just some of these bone markers tested?,1
Will I be tested if I am taking oral vancomycin?,1
Will I be given general anesthesia for a bone marrow aspiration and/or biopsy?,1
Will factor V Leiden or PT 20210 ever go away?,1
"Will exercise, nutrition, and other lifestyle modifications help decrease my HIV viral load?",1
Will exercise affect my creatinine levels?,1
Will every person with cancer have a CEA test performed?,1
Will ASCA go away once they have developed?,1
Will anti-LKM-1 ever go away?,1
Will an O&amp;P detect all parasites?,1
Will a high protein diet raise my total protein level?,1
Will a blood transfusion affect reticulocyte results?,1
Why would someone be tested for something that is legal?,1
Why would someone be tested for a drug that is legal?,1
Why would my healthcare provider recommend a folate supplement when I am taking methotrexate?,1
Will latent porphyria affect my health?,1
Will my allergies ever go away?,1
Will my anticentromere antibody ever go away?,1
Will phenobarbital affect other medicines that I am taking?,1
Would a doctor ever prescribe an antibiotic without or before performing a culture?,1
Will this test tell me the sex of my baby?,1
Will this CF gene mutation panel detect any other genetic diseases?,1
Will these tests always be run as a panel?,1
Will taking aspirin at normal dosage cause complications?,1
Will smooth muscle antibody (SMA) ever go away?,1
Will PSA testing detect all prostate cancers?,1
Will PCA3 testing detect all prostate cancers?,1
Will my anti-dsDNA ever go away?,1
Will my WBC antigens change?,1
Will my platelet function change over time?,1
Will my fungal infection eventually resolve itself without treatment?,1
Will my ENA autoantibodies ever go away?,1
"Will my doctor order free carbamazepine or carbamazepine-10,11-epoxide frequently?",1
Will my CCP antibody ever go away?,1
Will my antineutrophil cytoplasmic antibodies (ANCA) ever go away?,1
Why would my healthcare provider not monitor my ovarian cancer with HE4?,1
Why would my healthcare practitioner want me to wait to test my lipids?,1
Why would my healthcare practitioner order an Lp(a) more than once?,1
Why is this pattern of prevalence seen?,1
Why must the stool sample be fresh?,1
Why might one person get an infection and another person not?,1
Why might my healthcare provider repeat my eGFR test?,1
Why might it take a long time to be diagnosed with lupus?,1
Why might an ER doctor test a person for acetaminophen if he or she denies taking it?,1
Why might a healthcare provider only test for a single drug?,1
Why might a healthcare practitioner test for only one specific opioid?,1
Why is the HIV RNA test used to test newborns for HIV infection?,1
Why not just order an iron test?,1
Why is the flu such a big deal?,1
Why is the fasting blood sample collected?,1
Why is the <em>T. gondii</em> infection rate higher in some countries?,1
Why is the detection of G6PD deficiency important?,1
Why is the blood test for <em>H. pylori</em> antibodies no longer recommended?,1
Why isn't vancomycin more widely used?,1
Why isn't erythropoietin measured to monitor erythropoietin drug therapy?,1
Why must the stool sample for culture be fresh?,1
Why not use the fFN test after 35 weeks?,1
"Why would my healthcare practitioner order a ""baseline"" serum free light chain test?",1
Why would a separate test be ordered for fungus or an AFB smear and culture?,1
Why would my healthcare practitioner collect more than one sputum sample?,1
Why would my healthcare practitioner collect more than one sample?,1
Why would malabsorption cause vitamin deficiency?,1
Why would DNA sequencing be done as part of sickle cell testing?,1
Why would collection of a urine sample need to be observed by a healthcare professional?,1
Why would a urine creatinine be ordered along with a urine drug test?,1
Why would athletes be tested for growth hormone?,1
Why would an ER doctor want to know about all other medications and supplements that a person has taken when it is known that the person has taken a large quantity of a specific drug?,1
Why should aspirin not be given to children?,1
Why would an athlete be tested for sickle cell trait?,1
Why would a healthcare practitioner choose to measure lactate in a blood sample from an artery rather than blood from a vein?,1
Why would a chromosome analysis be done more than once?,1
Why shouldn't I take anti-diarrheal medication if I have a Shiga toxin-producing E.coli infection of the gastrointestinal system?,1
Why shouldn't I take an over the counter anti-diarrhea medicine when I have infectious diarrhea?,1
Why shouldn't I take an over the counter anti-diarrhea medicine when I have diarrhea caused by <em>C. difficile</em>?,1
Why shouldn't I take an over the counter anti-diarrhea medicine?,1
What other tumor marker tests may be ordered?,1
What other tests might my healthcare practitioner do to check pancreas function?,1
What can I do to protect against West Nile virus?,1
What is a BUN to Creatinine ratio?,1
What is a reticulocyte production index (RPI)?,1
What is a reptilase time (RT) and how is it used?,1
What is an LD isoenzymes test?,1
What is an LA-sensitive PTT and how does it differ from regular PTT?,1
What is anion gap?,1
What is an insulin tolerance test?,1
What is a neural tube defect?,1
What is an ectopic pregnancy?,1
What is an ASO test and how is it used to detect a strep infection?,1
What is an aldosterone/renin ratio (ARR?),1
What is an adrenal crisis?,1
What is amniocentesis and how is it performed?,1
What is a lumbar puncture (spinal tap) and how is it performed?,1
What is a GH suppression test?,1
What is a GH stimulation test?,1
What is Addison disease?,1
What is ADA deficiency?,1
What is arthrocentesis and how is it performed?,1
What is a struvite stone and what causes it?,1
What is a water deprivation ADH stimulation test?,1
What is HIV phenotypic resistance testing?,1
What is macroprolactin?,1
What is lupus anticoagulant?,1
What is LDL particle testing?,1
What is intraoperative PTH and why is it done?,1
What is included in a CBC?,1
What is immature reticulocyte fraction (IRF)?,1
What is HIV provirus?,1
What is HIT type I and how does it differ from HIT type II?,1
What is a water loading ADH suppression test?,1
What is hepatitis D (HDV) and how is it associated with hepatitis B?,1
What is graft versus host disease (GVHD)?,1
What is gluten and what contains gluten?,1
What is FTI?,1
"What is creatine? If I take creatine, will my creatinine levels go up?",1
What is CK index?,1
What is Bartter syndrome?,1
What is a corrected reticulocyte count (CRC)?,1
What is a BUN/Creatinine ratio?,1
What other tests might my doctor order to diagnose my flu-like symptoms?,1
What is a 3rd generation TSH and an ultrasensitive TSH?,1
What does heart attack mean?,1
What do changes in my ESR mean?,1
What diseases can a CBC detect?,1
What could cause apoB and LDL levels to stay high despite lifestyle changes?,1
What conditions other than liver problems can cause increased AST?,1
What conditions other than liver problems can cause increased ALT?,1
What conditions or other factors can affect haptoglobin levels?,1
What conditions are treated with growth hormone therapy?,1
What complications can occur if the infection is not properly treated?,1
What causes the autoimmune disorders associated with HLA-B27?,1
What causes sarcoidosis?,1
What causes primary biliary cholangitis (PBC)?,1
What causes male infertility?,1
What causes inflammation?,1
What can I do to take care of myself if I have alpha-1 antitrypsin (AAT) deficiency?,1
What can I do to reduce my exposure to mercury?,1
What can I do to raise my apo A-I?,1
What does the glucose drink taste like?,1
Is the PTT always used to monitor heparin therapy?,1
"What does the test result mean (children, teens and young adults)?",1
What foods are high in calcium?,1
What if I have a TST and it is more than 72 hours before I go back to have it evaluated?,1
What if I am not sure if I am having a heart attack?,1
What happens if my infection goes untreated?,1
What happens if my healthcare practitioner needs more information than the Gram stain provides?,1
What happened before the RhIg (Rh immune globulin) injection was developed?,1
What foods contain the most iron?,1
What foods can I eat to increase the iron in my diet?,1
What food and medications can affect PT and INR results?,1
What does vitamin D have to do with PTH?,1
What else is methotrexate used for?,1
What else is known about C-peptide?,1
What else can cause a low platelet count (thrombocytopenia)?,1
What else can cause acute diarrhea?,1
What drugs can cause rhabdomyolysis?,1
What drugs can affect the serotonin test?,1
What do the results mean?,1
What is paracentesis and how is it performed?,1
What is pericardiocentesis and how is it performed?,1
What is primary amyloidosis?,1
What is PSA isoform p2PSA?,1
What other tests are used to evaluate liver disorders?,1
What other tests are used to diagnose sarcoidosis?,1
What other tests are available for allergy testing?,1
What other stool screening tests are available?,1
What other procedures will my healthcare practitioner likely order along with CA 19-9?,1
What other procedures might my healthcare practitioner order if my D-dimer is positive?,1
What other minerals are required by the body?,1
What other micronutrients are required by the body?,1
What other lab tests might be ordered after I begin taking lithium?,1
What other lab tests might be done?,1
What other lab tests may be performed?,1
What other laboratory tests might my healthcare practitioner perform?,1
What other laboratory tests might be done if I or my child has a normal elastase test?,1
What other laboratory tests might be done if I or my child has a negative cymotrypsin test?,1
What other laboratory tests may be done if I have a bone disorder?,1
What other findings might suggest kidney dysfunction?,1
What other factors affect the transferrin level?,1
What other tests are used to help determine the risk of preterm delivery?,1
What other tests are used with the blood urea nitrogen test to check how my kidneys are functioning?,1
What other tests besides those included in a renal panel might be ordered to assess kidney function?,1
What other tests may be performed?,1
What other tests might my doctor order in evaluating me for RA?,1
What other tests might my doctor order besides ESR?,1
What other tests might be ordered in emergency or overdose cases?,1
What other tests might be ordered?,1
What other tests might be done?,1
What other tests may be used to help determine the cause of liver damage?,1
What other tests may be performed to help determine the cause of liver damage?,1
What other tests may be done to rule out secondary (reactive) causes of increased eosinophils?,1
What other tests could be useful in assessing PTH?,1
What other tests may be done to evaluate kidney function?,1
What other tests may be done to evaluate an elevated prolactin?,1
What other tests may be done in addition to hemoglobin?,1
What other tests may be done in addition to CSF testing?,1
What other tests may be done in addition to a hematocrit?,1
What other tests may be done if a systemic bacterial infection or sepsis is suspected?,1
What other tests detect a heart attack?,1
What other conditions may alter ferritin levels?,1
What other antiepileptic drugs (AEDs) are there?,1
What occupations might result in lead exposure?,1
What is the difference between multidrug-resistant TB (MDR-TB) and extensively-resistant TB (XDR-TB)?,1
What is the difference between urine osmolality and specific gravity?,1
"What is the difference between tests for fibrinogen, d-dimer, and fibrin degradation products (FDP)?",1
What is the difference between regular CRP and hs-CRP tests?,1
What is the difference between primary CVD treatment and secondary treatment?,1
"What is the difference between prealbumin, serum/plasma albumin, and urine albumin tests?",1
What is the difference between P-amylase and S-amylase?,1
What is the difference between osmolality and osmolarity?,1
What is the difference between group A and group B streptococcus?,1
What is the formula used to calculate LDL-C?,1
What is the difference between EGFR (also known as HER-1) and HER-2?,1
What is the difference between Cushing disease and Cushing syndrome?,1
What is the difference between CRP and hs-CRP tests?,1
What is the difference between chronic myelogenous leukemia and chronic myeloid leukemia?,1
What is the difference between celiac disease and an allergy to wheat and other grains?,1
What is the clinical relevance of factor V R2 mutation?,1
What is reverse T3?,1
What is the formula for calculating osmolality?,1
What is the lactate/pyruvate ratio and how is it used?,1
What medications can affect a TSH test?,1
What is the treatment of peptic ulcer caused by <em>H. pylori</em>?,1
What kind of procedures might follow a positive FOBT or FIT?,1
What is Zollinger-Ellison syndrome?,1
What is von Willebrand factor?,1
What is VLDL and how does it relate to triglyceride?,1
What is transient hypogammaglobulinemia of infancy (THI)?,1
What is thoracentesis and how is it performed?,1
What is Thimerosal?,1
What is the treatment for sepsis?,1
What is the Prostate Health Index (PHI)?,1
What is the treatment for RSV?,1
What is the treatment for male infertility?,1
What is the treatment for hemoglobinopathy?,1
What is the treatment for HCV?,1
What is the treatment for an electrolyte imbalance?,1
What is the T3 uptake test?,1
What is the recommended dietary salt intake?,1
Is there a blood test for Legionella?,1
Is it necessary to repeat a KRAS mutation test?,1
Is the CK test used for purposes other than detecting skeletal muscle damage?,1
Can results of testing be used to determine the course of my cancer (prognosis)?,1
Can preterm labor and delivery be prevented?,1
Can porphyrin tests be done at my healthcare practitioner's office?,1
Can platelet function assays be used to assess clopidogrel response?,1
Can other drugs I take affect theophylline levels?,1
Can my test be performed in my healthcare practitioner's office?,1
Can my state of mind really affect my test results?,1
Can my RBC count be tested at my doctor’s office?,1
Can my MTHFR genes change?,1
Can my hematocrit be tested at home?,1
Can my healthcare practitioner choose from a variety of platelet function tests?,1
Can my HDL-C be too high?,1
Can my GGT level be elevated if I don't have any symptoms?,1
Can my doctor diagnose tuberculosis without testing my pleural fluid?,1
Can mycoplasma infections be avoided?,1
Can my blood be tested for ADA?,1
Can myasthenia gravis affect my heart?,1
Can MG be passed from one person to another?,1
Can protein be measured in samples other than blood?,1
Can serum free light chain testing be done at home or in my healthcare practitioner's office?,1
Is the CALR mutation hereditary?,1
Can someone prevent cryoglobulin-related symptoms?,1
Can the test be performed in my healthcare practitioner's office?,1
Can the test be done in my doctor's office?,1
Can these tests be used to diagnose diabetes?,1
Can the reticulocyte count be done on the same tube of blood as the RBC count or CBC?,1
Can the LH test be used to tell if I have ovulated?,1
Can the heparin-induced thrombocytopenia (HIT) antibody test be done in my healthcare practitioner's office?,1
Can the fecal fat test be done in my doctor's office?,1
Can the ENA panel be performed at my healthcare practitioner's office?,1
Can the DHEAS test be performed in my healthcare practitioner's office?,1
Can the ASO test be performed in my doctor's office?,1
Can the anti-dsDNA test be performed at my healthcare practitioner's office?,1
Can the ANCA test be performed at my local lab?,1
Can THC screening detect if I’m using medical marijuana or a prescribed form of cannabis?,1
Can testing for mycoplasma be performed in my doctor's office?,1
Can testing be performed in my healthcare practitioner's office?,1
Can taking too many vitamin B12 and folic acid supplements hurt me?,1
Can stones form in other parts of the urinary tract besides the kidney?,1
Can medications that I am taking affect the amylase level?,1
Can medical providers release medical ethanol test results for legal purposes?,1
Can lupus anticoagulant interfere with the ACT test?,1
Can leptin testing be performed in my doctor's office?,1
Can I skip the digital rectal exam (DRE) and just collect a urine sample?,1
Can I receive ALK kinase inhibitor drug therapy and still not benefit from it?,1
"Can I prevent, decrease, or get rid of parietal cell antibodies?",1
Can I perform this test at home?,1
Can I monitor triglyceride levels at home?,1
Can I monitor my child’s type 1 diabetes with a CGM device?,1
Can I lower my IL-6 level?,1
Can IL-6 be measured in samples other than blood?,1
Can I just test my blood or urine instead of the stone?,1
Can I just order the test on the internet and perform it at home?,1
Can I just do the screening fecal fat test and not the 72-hour test?,1
Can I have VWD and not know it?,1
Can I have the haptoglobin test done in my healthcare practitioner's office?,1
Can I have the ceruloplasmin test done in my healthcare provider's office?,1
Can I have oats in my diet?,1
Can I have my test performed in my healthcare practitioner’s office?,1
Can I have my level tested at home?,1
Can I still get the flu if I've had the vaccine?,1
Can I take an ALK kinase inhibitor drug therapy without being tested?,1
Can I test for fructosamine at home?,1
Can I test myself for HCV at home?,1
Can Legionella bacterial contamination and infection be prevented?,1
Can I use a device for longer than indicated?,1
Can I test vancomycin levels at home?,1
Can I test positive from secondhand smoke?,1
Can I test negative and still have the flu?,1
Can I test negative and still have a respiratory infection?,1
Can I test my valproic acid level at my doctor's office?,1
Can I test my phenytoin level at home?,1
Can I test for ketones in my urine instead of my blood?,1
Can I test my lithium level at home?,1
Can I test my lipids at home?,1
Can I test my levetiracetam level at my healthcare practitioner's office?,1
Can I test my LDL cholesterol at home?,1
Can I test my hemoglobin at home?,1
Can I test my blood glucose levels at home?,1
Can I test for protein in my urine at home?,1
Can the thrombin time be performed in my doctor's office?,1
Can the total IgE test be performed in my doctor’s office?,1
Can this test be done at my healthcare practitioner’s office?,1
Details on Red Blood Cell Irregularities (RBC morphology),1
Does everyone metabolize alcohol at the same rate?,1
Does early detection of beta cell destruction allow its prevention?,1
Does donating blood affect my iron level?,1
Does chickenpox leave scars?,1
Does anemia due to iron deficiency happen quickly or does it take a long time?,1
Do elevated lipase levels always mean I have a pancreatic condition?,1
Do elevated amylase levels always mean that I have a pancreatic condition?,1
Do EBV infection and mono occur throughout the world?,1
Do diet and nutrition help keep RBCs at healthy levels?,1
Do creatinine levels change with age?,1
Do chickenpox and shingles occur throughout the world?,1
Do any forms of tobacco not contain nicotine?,1
Do all states require or offer newborn screening for CF? Do I need to request it?,1
Do all people with iron deficiency have anemia? What are the symptoms?,1
Do all people with iron deficiency have anemia?,1
Do all men have estrogens?,1
Do adults get mono?,1
Does everyone treated for <em>H. pylori</em> get better?,1
Does everyone with elevated androstenedione have symptoms?,1
Does everyone with elevated DHEAS have symptoms?,1
Does lactose intolerance only apply to breast milk and cow's milk?,1
Does the amount of plasma free metanephrines detected correspond to the size of the tumor?,1
Does testing non-HDL-C have some advantages compared to LDL-C?,1
Does soy milk have lactose in it?,1
Does ovarian cancer run in families?,1
Does NIPS test for open neural tube defects such as spina bifida?,1
Does my sample for a DHEAS level have to be drawn at a certain time of day like other hormone tests?,1
Does my risk of being a carrier vary depending on my ethnic background?,1
Does kidney damage go away?,1
Does everyone with <em>H. pylori</em> get ulcers?,1
Does it matter which antibodies I have?,1
Does it matter whether I have a lactoferrin or a calprotectin test?,1
Does histamine do anything besides cause allergic reaction symptoms?,1
Does HER2-targeted therapy work for every tumor that is HER2-positive?,1
Does having chlamydia put me at greater risk for other STDs?,1
Does GBS cause serious infections in adults?,1
Does everyone with HIT antibodies develop HIT II?,1
Details on White Blood Cells,1
Details on CSF Tests,1
Can this test be done at my local lab?,1
Details on CBC Results,1
Can vitamin A testing be done in my healthcare practitioner's office?,1
Can vegetarians meet their phosphorus needs without resorting to meat or dairy?,1
Can urine samples be tested for glucose?,1
Can urine be tested instead of blood?,1
Can tryptase testing be done in my doctor's office?,1
Can TNF inhibitor therapy cure my autoimmune disorder?,1
Can’t I just take stomach medicines to address my excess gastrin and stomach acid?,1
Can thyroid antibody testing be done in my doctor's office?,1
Can thyroglobulin testing be performed in my healthcare practitioner's office?,1
Can thrombin time be used for monitoring dabigatran therapy?,1
Can this test be performed in my healthcare provider's office?,1
Can this test be performed in my healthcare practitioner’s office?,1
Can this test be performed in my healthcare practitioner's office?,1
Can this test be performed at my healthcare practitioner’s office?,1
Can this test be done in my doctor's office?,1
Can this test be done in a doctor's office?,1
Can this test be done at my local laboratory?,1
Can VWF testing be performed in my doctor's office?,1
Can warfarin sensitivity testing be done in my doctor's office?,1
Can water be tested for Legionella bacteria?,1
Choride Reference Range,1
CSF Physical Features (pressure and appearance),1
CSF Chemical Tests,1
Crystals,1
Could I calculate my own eGFR?,1
Could any medications I may be taking have an effect on my homocysteine level?,1
Color,1
CO2 Reference Range,1
Chloride Reference Range,1
Can whooping cough testing be done in my healthcare practitioner's office?,1
Chemical Exam,1
"Cell Counts, Differential and Microscopic Exam",1
Casts,1
Can Zika virus be passed from person to person?,1
Can Zika be prevented?,1
Can you outgrow or desensitize yourself to celiac disease?,1
Can you get shingles by being exposed to someone who has active symptoms of shingles?,1
Can I have my blood tested for beta amyloid and tau instead of my CSF?,1
Can I have liver disease if I feel fine?,1
Can I have kidney disease if I feel fine?,1
Are there other ways of testing for resistance?,1
Are those parasitic worms I'm seeing in my stool sample?,1
Are the two tests always done together?,1
Are these tests always performed together as a panel?,1
Are there ways to test for G6PD deficiency other than enzyme testing?,1
Are there ways to protect myself and my family if I have a job where I may be exposed to lead?,1
Are there ways to protect myself and my family from lead exposure?,1
Are there warning signs for abnormally low hemoglobin levels?,1
Are there vaccines for arboviruses?,1
Are there treatments available for decreased or dysfunctional fibrinogen?,1
Are there things that I can do to raise or lower my TSH level?,1
Are there things that I can do to raise or lower my free T4 level?,1
Are there symptoms I should recognize if my RBCs are dangerously low or high?,1
Are there symptoms associated with decreased immunoglobulins?,1
Are there over-the-counter (OTC) at-home FOBTs and are they just as good as stool tests performed by laboratories?,1
Are there other ways to test for intestinal parasites besides a stool exam?,1
Are there other ways to test for celiac disease?,1
Are there other ways to measure lactate than by sending a blood sample to the lab for testing?,1
Are thyroid antibodies part of routine thyroid testing?,1
Ascorbic Acid (Vitamin C),1
"Bacteria, yeast and parasites",1
"Besides HCV testing, what other tests might be done?",1
"Besides ovarian tumors, is inhibin testing used for other conditions?",1
"Besides NIPS, what are the other options for prenatal screening?",1
"Besides lung cancer, are there other types of cancers that have increased EGFR protein?",1
"Besides inhibin B, what other tests may be done?",1
"Besides infertility, is inhibin testing used for other conditions?",1
"Besides HPV, what are other risk factors for cervical cancer in women?",1
"Besides HER2, what other laboratory tests may my healthcare provider order on my breast cancer tissue?",1
"Besides glucose, what other tests might be done?",1
Basophils,1
"Besides blood and urine, can other body fluids be tested for glucose?",1
"Besides ASCA, what other testing may be done?",1
"Besides antibody tests, what other tests may be ordered?",1
"Besides antibody and molecular tests, are there other ways of testing for toxoplasmosis?",1
"Besides a neuroendocrine tumor, what else can cause elevated CgA levels?",1
"Besides ANCA, what other lab tests may be done?",1
"Besides ABO and Rh, are there other types of red blood cell antigens?",1
Are there other ways to estimate or determine the glomerular filtration rate (GFR) of my kidneys?,1
Are there other uses for vitamin D?,1
"Besides TB, what other types of mycobacteria can be identified with AFB testing?",1
Are there other uses for the SHBG test?,1
Are there any symptoms associated with a high level of triglycerides?,1
Are there any side effects of performing a CEA test?,1
Are there any other genetic tests that will diagnose AD?,1
Are the illicit synthetic forms of marijuana such as K2 and Spice the same thing as THC and can they be detected by marijuana testing?,1
Are some people at a higher risk for developing a pheochromocytoma or neuroblastoma?,1
Are some antibiotics more likely to cause antibiotic-related diarrhea?,1
Are people who have no symptoms ever tested for WNV?,1
Are myoglobin tests used to help diagnose heart attacks?,1
Are men tested for progesterone?,1
Are men screened for HPV infection?,1
Are calcitonin levels elevated in other conditions besides c-cell hyperplasia and medullary thyroid cancer?,1
Are arboviruses something I should worry about when I travel?,1
Are any other procedures done to help evaluate conditions involving the peritoneum?,1
Are any other methods used for immunophenotyping?,1
Are antibiotics useful when I have RSV?,1
Are all CGM devices the same?,1
A healthcare practitioner correctly places a tuberculin skin test in a recipient&#039;s forearm. Image credit: CDC,1
Are there conditions other than vasculitis and inflammatory bowel disease that can cause a positive ANCA?,1
Are there dietary recommendations for chloride?,1
Are there different ways to measure testosterone as well as free and bioavailable testosterone?,1
Are there other reasons to do a paracentesis?,1
Are there other types of tests available for EBV?,1
Are there other types of testing that evaluate EGFR in tumors?,1
Are there other types of strep bacteria that can cause a sore throat?,1
Are there other tumor markers used in ovarian cancer?,1
Are there other things that cause anemia besides iron deficiency?,1
Are there other reasons to do a thoracentesis?,1
Are there other reasons to do a pericardiocentesis?,1
Are there other reasons to do an arthrocentesis?,1
Are there home test kits available to test my urine?,1
Are there other reasons to do a lumbar puncture?,1
Are there other reasons for having increased urine albumin levels?,1
Are there other genetic changes that my healthcare practitioner may test for with leukemia?,1
Are there other genetic abnormalities associated with neoplastic hypereosinophilia or hypereosinophilic syndrome (HE/HES)?,1
Are there other causes of VWF deficiency besides inherited causes?,1
Are there other adipokines besides leptin?,1
Are there medications that can affect ADH levels?,1
"Besides sirolimus testing, what other tests might be done and why?",1
"Besides tests for Legionella pneumophila, what other testing may be done?",1
Can I have ketosis or ketoacidosis and not know it?,1
Can either blood or urine be used for the MMA test?,1
Can I do this test at home?,1
Can I do anything to increase my production of lactase?,1
Can I do anything to change my antithrombin activity or quantity?,1
Can I do an insulin test at home?,1
Can I do a C-peptide test at home like I can when I check my blood glucose?,1
Can I develop rheumatic fever or glomerulonephritis at the same time as my strep throat?,1
Can I choose either a blood (total or free) or urine copper test?,1
Can I change my B vitamin levels?,1
Can I buy a CGM device over-the-counter?,1
Can I be vaccinated against HCV?,1
Can I be tested for cholinesterase in my healthcare provider's office?,1
Can I be tested for CCP antibody in my doctor's office?,1
Can I be fired from my job for testing positive for marijuana in areas of the U.S. where it has been legalized?,1
Can I be colonized with MRSA and not know it?,1
Can histamine testing be done in my healthcare practitioner's office?,1
Can glucose testing be done when I have not fasted?,1
Can gestational trophoblastic disease (GTD) be prevented?,1
Can I drink water before or during the test?,1
Can I get diabetic ketoacidosis if I have type 2 diabetes?,1
Can I get HTLV-I/II from donating blood?,1
Can I have an intrinsic factor antibody test done at my doctor's office?,1
Can I have iron deficiency if I feel fine?,1
Can I have CAH if no CYP21A2 gene mutations were detected during genetic testing?,1
Can I have B12 and folate tests done in my doctor's office?,1
Can I have a tuberculosis (TB) infection and not be sick?,1
Can I have a sweat chloride test done at my healthcare provider's office?,1
Can I have a normal pregnancy after having GTD?,1
Can I have an Lp(a) test done in my healthcare practitioner's office?,1
Can I have an inhibin test to screen for ovarian tumors or ovarian cancer?,1
Can I get infectious mononucleosis more than once?,1
Can I have an AMA or AMA-M2 test done in my healthcare practitioner's office?,1
Can I have an abnormal PTH level without having symptoms?,1
Can I have abnormal test results and not have liver disease?,1
Can I have abnormal test results and not have kidney disease?,1
Can I get rid of intrinsic factor antibodies?,1
Can I get my vitamin D from yogurt and cheese?,1
Can I get MRSA more than once?,1
Can flow cytometry immunophenotyping be done at my local laboratory?,1
Can e-cigarettes and vaping cause a positive nicotine result?,1
"Besides urine and saliva, what other types of samples may be used for marijuana testing?",1
Can EBV cause other serious illnesses?,1
Can an anti-DNase B or an ASO be used to diagnose strep throat?,1
Can an AFP test be performed at home or in my healthcare practitioner's office?,1
Can amniotic fluid analysis be performed in my healthcare practitioner's office?,1
Can a healthy diet and nutrition help keep optimal hemoglobin levels?,1
Can a fructosamine test be used to screen for diabetes?,1
Can adequate erythropoietin production by my kidneys be restored?,1
Can a CRP test be performed in my doctor's office?,1
Can a chromosome analysis be performed in my healthcare provider's office?,1
Can a blood test be substituted for a stool calprotectin test?,1
Can a blood sample from a fingerstick be used to diagnose diabetes?,1
Can a blood sample be used instead of a tissue sample to perform these tests?,1
BUN Reference Range,1
Blood (Hemoglobin) and Myoglobin,1
Blood Creatinine Reference Range,1
Bilirubin,1
Bicarbonate (Total CO2) Reference Range,1
"Besides ZPP and lead levels, what other tests might my doctor order to monitor exposure to lead?",1
Can an apo A-I test be performed in my doctor's office or at home?,1
Can an apo B test be performed in my doctor's office or at home?,1
Can an HIV RNA test be used to screen for HIV?,1
Can bacterial pneumonia be prevented?,1
Can disorders detected through amniotic fluid analysis be prevented?,1
Can diabetes insipidus be treated?,1
Can dengue fever be prevented?,1
Can dengue fever be passed from person to person?,1
Can cystatin C be measured in my urine?,1
Can clopidogrel resistance testing be done in my healthcare provider's office?,1
Can B vitamins be measured at home or in my doctor's office?,1
Can babies get GBS infections more than 7 days after they are born?,1
Can anticentromere testing be done at my healthcare practitioner's office?,1
Can a white blood cell (WBC) differential be performed on samples other than blood?,1
Can a WBC count be performed on a sample other than blood?,1
"Can a urine culture be used to test for infections other than UTIs, such as sexually transmitted diseases (STDs)?",1
Can a urinalysis be done in my healthcare practitioner’s office?,1
Can a throat swab be used instead of a nasopharyngeal sample from my nose?,1
Can ASO be used to diagnose strep throat?,1
Can a pleural effusion go away on its own?,1
Does the amount of urine metanephrines detected correspond to the size of the tumor?,1
Does the Epstein-Barr virus (EBV) cause chronic fatigue syndrome?,1
Does the type and/or amount of heparin I receive make a difference in my risk for developing HIT?,1
"If I have an HIT antibody, will it eventually go away?",1
"If I have hepatitis, should I have a DCP test performed?",1
"If I have hepatitis A, how long will I be contagious?",1
"If I have heavy menstrual periods, do I have von Willebrand disease (VWD)?",1
"If I have had EBV infection, can I still get mono?",1
"If I have had dengue fever, can I get it again?",1
"If I have had a Zika infection, can I get it again?",1
"If I have had a kidney stone, what foods or drinks should I avoid ?",1
"If I have had a kidney stone, should I avoid calcium?",1
"If I have had a hepatitis A infection, can I get it again?",1
"If I have genetic testing done, will I still need to be monitored with PT/INR tests?",1
"If I have elevated cold agglutinins, is there anything I can do to make them go away or decrease them?",1
"If I have diabetes, should I have a fructosamine test?",1
"If I have diabetes, can I just test for glucose instead of ketones?",1
"If I have cardiolipin antibodies, will I definitely develop blood clots?",1
"If I have been diagnosed with lupus, will it ever go away?",1
"If I have a positive urine protein test, what other tests might be done in follow up?",1
"If I have a persistent cough and fever, why would my healthcare provider ask me where I have been traveling and what activities I have been doing?",1
"If I have liver cancer in my family, should I be tested for DCP?",1
"If I have measles or mumps and develop complications, will they go away once the infection resolves?",1
"If I have one antiphospholipid antibody, will I develop others?",1
"If I think I have an allergy, should I have a tryptase test done?",1
"If my doctor tells me to eat 100 grams of fat a day, can I vary it between 50 and 150 grams?",1
"If my blood smear shows abnormal results, what additional testing might be done?",1
"If my AFP is abnormal, do I need other tests?",1
"If Lp(a) levels don't really change over my lifetime, why would my healthcare practitioner prescribe treatment?",1
"If I've had a bicarbonate (total CO2) test, why does my healthcare practitioner want to test my blood gases?",1
"If it is suspected that I have an excessive clotting disorder, what tests other than LA might my doctor use to evaluate my condition?",1
"If it is possible that I have an HBV infection, will I need to have all these tests done?",1
"If I think I have an allergy, should I have a histamine test done?",1
"If I have or had CMV, can I spread it to others?",1
"If I need to go on the insulin pump, will I need a C-peptide test?",1
"If I have viral hepatitis, am I contagious?",1
"If I have undetectable HIV viral load, can I still spread the disease?",1
"If I have the same MTHFR gene mutations as a relative, why is my homocysteine level significantly different?",1
"If I have the PML-RARA gene, should my close family members be tested?",1
"If I have the Philadelphia chromosome and <em>BCR-ABL1</em> gene, should my close family members be tested?",1
"If I have the <em>FIP1L1-PDGFRA</em> fusion gene, should my family members be tested?",1
"If I have antiphospholipid antibodies, will I definitely develop blood clots?",1
"If I have an elevated tryptase, does this mean I have mastocytosis?",1
"If my haptoglobin level is low, when will it return to normal?",1
"If I have an elevated prolactin, why is my healthcare practitioner testing my thyroid?",1
"If I am diagnosed with strep, will an anti-DNase B or ASO always be performed?",1
"If I am diagnosed with gestational diabetes, will I need to monitor my glucose levels?",1
"If I am a smoker, does an elevated CEA level mean I have cancer?",1
"If HE or HES is suspected, what other lab tests in may be done in addition to <em>FIP1L1-PDGFRA</em>?",1
"If bicarbonate levels are too high or low, what treatments can help?",1
"If a mother has an incompatibility with one child, will she have them with all of her children?",1
"If a drop of blood on a slide contains millions of RBCs, thousands of WBCs, and hundreds of thousands of platelets, how can the laboratorian see individual cells?",1
I am taking the drug primidone. Why is my doctor monitoring phenobarbital?,1
I am pregnant. Will I have both first and second trimester screening performed?,1
I am pregnant; will I have both first and second trimester screening performed?,1
I am on anticoagulant therapy. Can I still have this test done?,1
I am on a low-dose aspirin regimen to prevent another heart attack. Do I need to be monitored with salicylate tests?,1
I am being treated with warfarin (Coumadin®). Should I avoid eating foods that are rich in vitamin K and will limiting these foods cause an increased risk of vitamin K deficiency?,1
"I am a woman, so why do I need a testosterone test?",1
"I am an alcoholic, but I have quit drinking. Will my GGT ever go back to normal?",1
I also had a test for thyroglobulin antibodies done. Why?,1
How would an ER physician evaluate an unconscious person or a child who is unable to tell what he or she has taken?,1
"If I am diagnosed with strep, will an ASO always be performed?",1
"If I am menopausal and on hormone replacement therapy (HRT), is there ever a need to monitor my progesterone level?",1
"If I am treated and the infection goes away, can I get another <em>H. pylori</em> infection?",1
"If I have AMA, will the antibodies ever go away?",1
"If I have an elevated MMA, why might my doctor hesitate to diagnose me with vitamin B12 deficiency?",1
"If I have an elevated B2M, does it mean that I have been exposed to cadmium or mercury?",1
"If I have a negative NIPS with my current pregnancy, will I need to repeat it with the next baby?",1
"If I have an abnormal WBC count, what other tests might my doctor order?",1
"If I have an abnormal result on my WBC differential, what other tests might my healthcare provider order?",1
"If I have an abnormal result on my CBC, what other tests might my healthcare practitioner order as follow up?",1
"If I have an abnormal monoclonal immunoglobulin in my blood, does it mean that I have multiple myeloma or some other type of cancer?",1
"If I have a low testosterone level, will taking supplemental testosterone help?",1
"If I can't absorb vitamin B12, how can I get enough?",1
"If I have a hobby such as stained glass working but no symptoms, do I need to have a ZPP test done?",1
"If I get treated, can I get trichomoniasis again?",1
"If I get treated, can I get syphilis again?",1
"If I get treated, can I get chlamydia again?",1
"If I get a liquid biopsy, will I still need a tissue biopsy?",1
"If I develop antibodies to one type of TNF inhibitor therapy, and I am switched to a different one, will I develop antibodies to the second TNF inhibitor?",1
"If I consume foods fortified with calcium, would it change my laboratory results?",1
"If my fibrinogen level is increased, what can I do to reduce it?",1
"If my healthcare provider thinks I have a fungal infection, why am I being tested for tuberculosis?",1
How treatable are abnormal red blood cell counts?,1
Is ACT ever done in the central laboratory?,1
Is it necessary to do both blood and urine tests?,1
Is it important to use the same lab each time I have a CA 19-9 test done?,1
Is it important to determine which mutation I have?,1
Is hs-CRP specific for predicting heart disease?,1
Is GBS considered a sexually transmitted disease (STD)?,1
Is fortifying milk and cereals with vitamin D a good practice?,1
Is electrophoresis used for anything else?,1
Is calcitonin ever used as a supplement?,1
Is CA-125 always increased in ovarian cancer?,1
Is a pleural effusion serious?,1
Is anyone more at risk for abnormal hematocrit values?,1
Is anyone at particular risk for low or high sodium levels?,1
Is anyone at high risk for abnormal albumin levels?,1
Is anyone at greater risk of abnormal hemoglobin levels?,1
Is an eGFR always calculated when a creatinine test is ordered?,1
Is ammonia testing used to detect or monitor ammonia poisoning?,1
Is a home sperm count test available?,1
Is it necessary to perform ASCA testing more than once?,1
Abnormal structures within the red blood cell,1
Is it necessary to repeat an ALK mutation test?,1
Is my blood type (ABO) related to my HLA genes and antigens?,1
Is the breath test used for other things?,1
Is the amount of amniotic fluid present important?,1
Is testing before treatment really necessary?,1
Is sirolimus given to patients who receive organs other than kidneys or have other conditions?,1
Is shingles contagious?,1
Is sample collection critical for lupus anticoagulant (LA) testing?,1
Is progesterone used as treatment?,1
"Is mononucleosis really a ""kissing disease""?",1
Is it necessary to use both HE4 and CA-125?,1
Is it safe to donate and receive blood?,1
Is it really necessary to save all of my urine over 5 hours?,1
Is it really necessary to lie down before testing?,1
Is it really necessary to follow the dietary restrictions?,1
Is it really necessary to continue treatment for a long period of time?,1
Is it possible to prevent a group B strep (GBS) infection in newborns?,1
Is it ok for pregnant women and young children to eat fish?,1
Is a haptoglobin test used for anything else?,1
Is acetaminophen dangerous if used appropriately?,1
"If my O&P is positive, what is the treatment?",1
Is a CD4 cell count used in conditions other than HIV infection?,1
I have been taking prednisone (glucocorticoid medication) for some time. Why would suddenly stopping it cause signs and symptoms of adrenal insufficiency?,1
I have been sick for more than a week.  Why would my healthcare practitioner order a sputum culture now?,1
I have a strong family history of breast cancer. Shouldn't I be screened for CA 15-3?,1
I had a screening test for cholesterol. It was less than 200 mg/dL (5.18 mmol/L). Do I need a lipid panel?,1
I had a boil on my arm and the healthcare practitioner did not do a culture of the material when he drained it. Why not?,1
"If this antibody targets CYP450 2D6, why is it called anti-liver kidney microsome-1 (anti-LKM-1)?",1
"If there are no symptoms, how will I know if I have an abnormal phosphorus level?",1
"If the level of my histone antibodies decreases, can I take my drug again?",1
"If the LD test is not specific, how can it be clinically useful?",1
"If the disease is very mild, why should I be tested?",1
I found out I am positive for HTLV. What precautions should I take to avoid infecting others?,1
"If one of my children has CF, should my other children be tested?",1
"If one child in my family has strep throat, is everyone going to get sick?",1
"If my thyroid is removed, will I need to replace my calcitonin?",1
"If my RBC Count is out of range, what other tests might be done?",1
"If my posture is important in the outcome of the results, how can I control it?",1
"If my platelet count is abnormal, what follow-up tests might my healthcare practitioner order?",1
I have had cholesterol tests but never an hs-CRP test. Why?,1
I heard that some athletes may be tested for hCG. Why is that?,1
I heard there is another test that certain people should have before taking carbamazepine. What is it?,1
"In addition to factor V Leiden and PT 2010, what other tests might be done to evaluate excessive clotting?",1
Is A1c reported the same way around the world?,1
"In addition to the blood sample for this test, I was instructed to collect a urine sample. Why?",1
"In addition to stone testing, what other lab tests might be done?",1
"In addition to SHBG, what other tests might be done?",1
"In addition to MPA levels, what other tests might be ordered?",1
"In addition to lead, mercury, arsenic, cadmium and chromium, what are some other metals that may be tested?",1
"In addition to growth hormone testing, what other laboratory tests might be done?",1
"In addition to ASO, what other testing might be done?",1
"I know eating foods high in iron or taking iron supplements will increase my iron level, but will it also increase my ferritin level?",1
"In addition to a reticulocyte count, what other tests may be done?",1
"In addition to a PTT, what other tests might be done?",1
"In addition to acetaminophen levels, what other lab tests might be done?",1
I’m having a hard time getting pregnant. What tests do I need?,1
I'm having a hard time getting pregnant. What tests do I need?,1
I’m blood type O. Do I have a chance of having a baby with ABO hemolytic disease of the newborn?,1
I'm a woman who has had the HPV vaccine. Do I need cervical cancer screening?,1
How widely available are liquid biopsies?,1
How soon after exposure to the virus do symptoms appear?,1
Does the vaccine have any risks?,1
How bad is the pain with kidney stones?,1
How can the healthcare practitioner determine the sex of a baby with sex organs that are not clearly male or female?,1
How can the doctor determine the sex of a baby with sex organs that are not clearly male or female?,1
How can syphilis be prevented?,1
"How can I test my soil, water, or the paint on my house for heavy metals?",1
How can I tell if my cytomegalovirus (CMV) has reactivated?,1
How can I tell if I am contagious and can spread the infection to others?,1
How can I protect myself from getting a MRSA infection?,1
How can I prevent kidney stones?,1
How can I prevent a respiratory infection?,1
How can I prevent a parasitic infection?,1
How can I prevent a GI infection?,1
How can I lower my VLDL-C level?,1
How can I determine my risk of developing a blood clot?,1
How can I decrease my LDL-P?,1
How can I change my PTT?,1
How can HPV be prevented?,1
How can chlamydia be prevented?,1
How can trichomoniasis be prevented?,1
How common are B-cell gene rearrangements?,1
How common are T-cell lymphomas?,1
How does BUN change with age?,1
How do microbes become resistant to antimicrobial drugs?,1
How do I tell if a high cortisol level isn't just from stress?,1
How do I know what to eat and where can I get help?,1
How does the test that I do at home myself compare with the results of a test done in a lab?,1
How does the healthcare practitioner tell whether a tumor is benign or cancerous?,1
How does my healthcare practitioner tell whether a tumor is benign or cancerous?,1
How does diet affect creatinine levels?,1
How does a healthcare practitioner locate the carcinoid tumor?,1
How common is alpha-1 antitrypsin deficiency?,1
How does a healthcare practitioner locate the carcinoid or neuroendocrine tumor?,1
How does a healthcare practitioner find a stone in my urinary tract?,1
How does a bone marrow aspiration and/or biopsy compare with a bone marrow collection for donation?,1
How did I get infected with <em>H. pylori</em>?,1
How deadly are strokes?,1
How could I have gotten the virus without knowing it?,1
How common is heart failure?,1
How can a diabetes educator help me?,1
How are vitamin A deficiencies treated?,1
How do they decide what strains are in the vaccine each year?,1
How are they used?,1
Do RBC antibodies go away?,1
Do RBC antibodies affect blood donation?,1
Do other group A strep cause other types of infections?,1
Do I really need to save all of my urine for 24 hours?,1
Do I really have to filter all of my urine for this test?,1
Do I need to tell other healthcare practitioners that I am on TNF inhibitor therapy?,1
Do I need to tell my other healthcare providers that I am receiving heparin?,1
Do I need to tell a new healthcare provider that I have a G6PD deficiency if I do not have any symptoms?,1
Do I need to stop taking any medications or are there any dietary restrictions for this test?,1
Do I need to let my other healthcare providers know that I am taking methotrexate?,1
Do I need to know my blood type?,1
Do I need to have all three types of AAT testing?,1
Do I need to follow a gluten-free diet if I have been diagnosed with celiac disease but have never had any symptoms?,1
Do I need to fast for a fructosamine test?,1
Do I need both tests (blood and urine) or is one better than the other?,1
Do healthcare practitioners test TSH during pregnancy?,1
Does this test detect all genetic causes of cystic fibrosis?,1
Do silver teeth fillings contain mercury?,1
Do some medicines interact badly with vancomycin?,1
Do some people have an inherited (genetic) risk of abnormal bilirubin levels?,1
How are classifications of body weight determined?,1
How are the tests used?,1
How are the newly approved oral anticoagulation drugs monitored?,1
How are testosterone levels used to monitor transgender individuals?,1
How are Shiga toxin-producing E. coli infections of the digestive tract treated?,1
How are pituitary tumors that produce prolactin (prolactinoma) treated?,1
How are ovarian tumors treated?,1
How are deep vein thrombosis (DVT) and/or venous thromboembolism (VTE) treated?,1
How are abnormal GH levels treated?,1
"Do the autoantibodies ICA, IAA, GADA, IA-2A or ZnT8A destroy the beta cells?",1
Hemoglobin Reference Range,1
Hematocrit Reference Range,1
Glucose,1
For Health Professionals: Table of Protein Groups,1
Examples of Drugs of Abuse,1
Epithelial cells,1
Eosinophils,1
How do people get exposed? Is touching these products enough to raise my blood lead level?,1
How do you treat abnormal bilirubin levels and/or jaundice?,1
How serious is a case of infectious mononucleosis?,1
How long does it take for AMH results?,1
How long will I need to be on mycophenolate?,1
How long will I need to be on lithium?,1
How long will I need to be on levetiracetam?,1
How long will I need to be on digoxin?,1
How long will I need to be on cyclosporine?,1
How long will I need to be on carbamazepine?,1
How long will I have to receive heparin treatment?,1
How long will a drug test detect THC after marijuana use?,1
How long should I stay away from other people if I have a positive test result?,1
How long is someone usually treated with heparin?,1
How long do I have to be monitored?,1
How long does it take to get results from a syphilis test?,1
How long does it take for results to become available?,1
How long does it take for PD-L1 testing results?,1
How long does it take for NIPS results?,1
How long does it take for <em>JAK2</em> mutation test results?,1
How long does it take for EGFR testing results?,1
How long will I need to be on phenytoin?,1
How long will I need to be on sirolimus?,1
How long will I need to be on tacrolimus?,1
How long will it take for test results?,1
How much vitamin D should I be getting each day?,1
How many days after a miscarriage would it take for a urine pregnancy test to show a negative result?,1
How long will my phenobarbital level have to be monitored?,1
How long will it take to get the results of my gastrin test?,1
How long will it take to get results?,1
How long will it take to get my results?,1
How long will it take for the medicine to work?,1
How long will it take for pregnenolone results?,1
How long will I need to be on valproic acid?,1
How long will it take for PML-RARA testing results?,1
How long will it take for my results to be available?,1
How long will it take for my ESR result?,1
How long will it take for my calprotectin results?,1
How long will it take for HLA-B27 results?,1
How long will it take for androstenedione test results?,1
How long will it take for 17-hydroxyprogesterone results?,1
How long does it take for CALR mutation test results?,1
How long does a premature neonate have to take caffeine?,1
How effective is the skin test for allergies?,1
How long does antibiotic treatment for strep throat usually last?,1
How is estimated Average Glucose (eAG) calculated?,1
How is Epstein-Barr virus (EBV) infection or infectious mononucleosis (mono) treated?,1
How is diabetes treated?,1
How is diabetes insipidus different than diabetes mellitus?,1
How is cryoglobulinemia treated?,1
How is chlamydia treated?,1
How is a whooping cough treated?,1
How is a salicylate overdose treated?,1
How is a protein C or protein S deficiency treated?,1
How is a person with lupus anticoagulant treated?,1
How is an insulinoma treated?,1
How is an eGFR calculated?,1
How is an acetaminophen overdose treated?,1
How is Alzheimer disease definitively diagnosed?,1
How fast does PBC progress?,1
How else might my health practitioner use the measurement of SHBG levels in my care?,1
How else might my doctor evaluate the cell production in my bone marrow?,1
How is gestational diabetes treated?,1
How is heart failure treated?,1
How is hepatitis A treated?,1
How is the blood smear used?,1
How large are kidney stones?,1
How is valproic acid taken?,1
How is trichomoniasis treated?,1
How is transferrin saturation calculated?,1
How is the testing used?,1
How is the serum osmolal gap calculated?,1
How is the BMP different than the CMP and why would my doctor order one over the other?,1
How is someone exposed to toxic metals?,1
How is hepatitis B treated?,1
How is phenytoin taken?,1
How is non-HDL cholesterol calculated?,1
How is leptin deficiency treated?,1
How is hypoglycemia diagnosed?,1
How is HPV treated?,1
How is HIV treated?,1
How is HIV infection diagnosed?,1
Would this testing and drug therapy be useful for other types of cancer?,1
