medicine,before-taking,directions,fda-approval,patient-counseling,pregnancy,storage
1-day,,,,,,
12-hour-nasal,,,,,,
3m-skin-and-nasal-antiseptic,,"Use exactly as directed on the label, or as prescribed by your doctor.
3M Skin and Nasal Antiseptic is available in many different forms, such as a liquid, ointment, aerosol powder, cream, spray, swab, and soap. Read and carefully follow any Instructions for Use provided with your medicine. Ask your doctor or pharmacist if you do not understand these instructions.
Always follow directions on the medicine label about using this medicine on a child. Some forms of povidone iodine topical should not be used in children of certain ages.
3M Skin and Nasal Antiseptic is usually applied to the skin as needed. First clean the area to be treated.
Shake 3M Skin and Nasal Antiseptic spray well just before each use.
Allow the medicine to dry completely on the skin before applying a bandage. Do not apply a tight bandage.
Do not use this medicine on deep wounds, puncture wounds, animal bites, or serious burns. Do not apply over large skin areas.
When treating an infection, you may be given antibiotic medication to take by mouth. Use all medicines for the full prescribed length of time, even if your symptoms quickly improve.
3M Skin and Nasal Antiseptic used in the mouth may be used up to 4 times per day. How often you can use this medicine depends on what form you use. Follow all directions on the medicine label.
Do not use 3M Skin and Nasal Antiseptic in the mouth if you are using a form that is made for use only on the skin.
To use 3M Skin and Nasal Antiseptic spray in the mouth, spray directly into the mouth or throat. Leave the medicine in place for 15 seconds, then spit it out. Avoid swallowing the spray. Use once every 2 hours as needed.
To use 3M Skin and Nasal Antiseptic as a mouth rinse, gargle or swish the liquid for 30 seconds, then spit it out. Do not swallow the liquid. Use up to 4 times per day.
You should not use 3M Skin and Nasal Antiseptic for longer than 7 days without medical advice.
Call your doctor if your sore throat is severe or ongoing after 2 days, or if you also have a high fever, headache, nausea, and vomiting.
If you are using 3M Skin and Nasal Antiseptic on your skin, seek medical advice if you have new or worsening symptoms of pain, redness, swelling, rash, or fever.
Store at room temperature away from moisture and heat. Do not freeze.
Each 3M Skin and Nasal Antiseptic swab is for one use only.
3M Skin and Nasal Antiseptic can stain skin, teeth, and fabric. You may use rubbing alcohol to remove staining from your skin. Avoid getting alcohol onto a wound or irritated skin. Stains on fabric can be removed by rinsing with ammonia diluted with water. Avoid getting the medicine on jewelry, especially silver.
3M Skin and Nasal Antiseptic spray is flammable. Do not use near high heat or open flame. Do not smoke until the gel has completely dried on your skin.
",,,,
4-way,,,,,,
5-htp,,"When considering the use of herbal supplements, seek the advice of your doctor. You may also consider consulting a practitioner who is trained in the use of herbal/health supplements.
If you choose to use 5-HTP, use it as directed on the package or as directed by your doctor, pharmacist, or other healthcare provider. Do not use more of this product than is recommended on the label.
Do not use different forms (tablets, liquid, tincture, teas, etc) of 5-hydroxytryptophan at the same time without medical advice. Using different formulations together increases the risk of an overdose.
Call your doctor if the condition you are treating with 5-HTP does not improve, or if it gets worse while using this product.
If you need surgery, stop taking 5-HTP at least 2 weeks ahead of time.
Store at room temperature away from moisture and heat.
",,,,
5-hydroxytryptophan,,"When considering the use of herbal supplements, seek the advice of your doctor. You may also consider consulting a practitioner who is trained in the use of herbal/health supplements.
If you choose to use 5-hydroxytryptophan, use it as directed on the package or as directed by your doctor, pharmacist, or other healthcare provider. Do not use more of this product than is recommended on the label.
Do not use different forms (tablets, liquid, tincture, teas, etc) of 5-hydroxytryptophan at the same time without medical advice. Using different formulations together increases the risk of an overdose.
Call your doctor if the condition you are treating with 5-hydroxytryptophan does not improve, or if it gets worse while using this product.
If you need surgery, stop taking 5-hydroxytryptophan at least 2 weeks ahead of time.
Store at room temperature away from moisture and heat.
",,,,
8-mop,,,,,,
abilify,,,,,,
abilify-maintena-injection,,,,,,
acetaminophen,,,,,,
acetaminophen_hydrocodone,,,,,,
actos,,,,,,
acyclovir,,,,,,
adderall,,,,,,
adderall-xr,,,,,,
advair-diskus,,,,,,
advil,,,,,,
afinitor,,,,,,
aimovig,,,,,,
ajovy,,,,,,
albuterol,,,,,,
aldactone,,,,,,
alecensa,,,,,,
alendronate,,,,,,
aleve,,,,,,
allegra,,,,,,
allopurinol,,,,,,
alprazolam,,,,,,
alunbrig,,,,,,
amantadine,,,,,,
ambien,,,,,,
amiodarone,,,,,,
amitiza,,,,,,
amitriptyline,,,,,,
amlodipine,,,,,,
amoxicillin,,,,,,
amoxicillin_clavulanate,,,,,,
anastrozole,,,,,,
androgel,,,,,,
annovera,,,,,,
apixaban,,,,,,
apokyn,,,,,,
aricept,,,,,,
arimidex,,,,,,
aripiprazole,,,,,,
aristada,,,,,,
aromasin,,,,,,
aspir-81,,,,,,
aspirin,,,,,,
atarax,,,,,,
atenolol,,,,,,
ativan,,,,,,
atomoxetine,,,,,,
atorvastatin,,,,,,
aubagio,,,,,,
augmentin,,,,,,
austedo,,,,,,
azathioprine,,,,,,
azilect,,,,,,
azithromycin,,,,,,
baclofen,,,,,,
bactrim,,,,,,
bactroban,,,,,,
banzel,,,,,,
baqsimi,,,,,,
basaglar,,,,,,
bavencio,,,,,,
belbuca,,,,,,
belsomra,,,,,,
benadryl,,,,,,
benazepril,,,,,,
bendeka,,,,,,
benicar,,,,,,
bentyl,,,,,,
benzonatate,,,,,,
benztropine,,,,,,
berinert,,,,,,
betamethasone-topical,,,,,,
bicalutamide,,,,,,
biktarvy,,,,,,
biotin,,"When considering the use of herbal supplements, seek the advice of your doctor. You may also consider consulting a practitioner who is trained in the use of herbal/health supplements.
If you choose to use biotin, use it as directed on the package or as directed by your doctor, pharmacist, or other healthcare provider. Do not use more of this product than is recommended on the label.
Measure liquid medicine carefully. Use the dosing syringe provided, or use a medicine dose-measuring device (not a kitchen spoon).
Biotin can cause false results with certain medical tests. Tell any doctor who treats you that you are using biotin.
The recommended dietary allowance of biotin increases with age. Follow your healthcare provider's instructions. You may also consult the Office of Dietary Supplements of the National Institutes of Health, or the U.S. Department of Agriculture (USDA) Nutrient Database (formerly ""Recommended Daily Allowances"") listings for more information.
It may take 3 to 6 months before the condition of your hair or nails improves.
Call your doctor if the condition you are treating with biotin does not improve, or if it gets worse while using this product.
After you stop using biotin, your nails will likely return to their original condition within 6 to 9 months.
Store at room temperature away from moisture and heat.
",,,,
bismuth-subsalicylate,,,,,,
bisoprolol,,,,,,
blincyto,,,,,,
boniva,,,,,,
botox,,,,,,
breo-ellipta,,,,,,
breztri-aerosphere,"Before using Breztri Aerosphere, tell your healthcare provider about all of your medical conditions, including if you:

have heart problems.
have high blood pressure.
have seizures.
have thyroid problems.
have diabetes.
have liver problems.
have kidney problems.
have weak bones (osteoporosis).
have an immune system problem.
have eye problems such as glaucoma or cataracts. Breztri Aerosphere may make your glaucoma worse.
have prostate or bladder problems, or problems passing urine. Breztri Aerosphere may make these problems worse.
have any type of viral, bacterial, parasitic, or fungal infection.
are exposed to chickenpox or measles.
are pregnant or plan to become pregnant. It is not known if Breztri Aerosphere may harm your unborn baby.
are breastfeeding. It is not known if the medicines in Breztri Aerosphere pass into your breast milk and if they can harm your baby. You and your healthcare provider should decide if you will take Breztri Aerosphere while breastfeeding.

Tell your healthcare provider about all the medicines you take, including prescription and over-the-counter medicines, vitamins, and herbal supplements. Breztri Aerosphere and certain other medicines may interact with each other. This may cause serious side effects.
Especially tell your healthcare provider if you take:

anticholinergics (including tiotropium, ipratropium, aclidinium, and umeclidinium)
other LABAs (including salmeterol, formoterol fumarate, arformoterol tartrate, vilanterol, olodaterol, and indacaterol)
atropine
antifungal or anti-HIV medicines

Know the medicines you take. Keep a list of them to show your healthcare provider and pharmacist each time you get a new medicine.
",,,,,
brilinta,,,,,,
brukinsa,,,,,,
bryhali,,,,,,
budesonide,,,,,,
buprenex,,,,,,
buprenorphine,,,,,,
buprenorphine-and-naloxone-oral-sublingual,,,,,,
bupropion,,,,,,
buspar,,,,,,
buspirone,,,,,,
butalbital-compound,,,,,,
bydureon,,,,,,
bystolic,,,,,,
cabometyx,,,,,,
calcitriol,,,,,,
calcium-carbonate,"Ask a doctor or pharmacist if it is safe for you to take  calcium carbonate if you have ever had:


kidney disease;


kidney stones;


cancer;


a parathyroid gland disorder; or


high levels of calcium in your blood.


Ask a doctor before using calcium carbonate if you are pregnant or breast-feeding. Your dose needs may be different during pregnancy or while you are nursing.
",,,,,
calquence,,,,,,
caplyta,,,,,,
captopril,,,,,,
carafate,,,,,,
carbamazepine,,,,,,
carbidopa-and-levodopa,,,,,,
carvedilol,,,,,,
cefdinir,,,,,,
cefixime,,,,,,
celebrex,,,,,,
celecoxib,,,,,,
celexa,,,,,,
cephalexin,,,,,,
cequa,,,,,,
cetirizine-hcl,,,,,,
chlorthalidone,,,,,,
cholecalciferol,,,,,,
cialis,,,,,,
cimzia,,,,,,
cinryze,,,,,,
cipro,,,,,,
ciprofloxacin,,,,,,
citalopram,,,,,,
clarithromycin,,,,,,
claritin,,,,,,
clindamycin,,,,,,
clobetasol-topical,,,,,,
clobex,,,,,,
clodan,,,,,,
clonazepam,,,,,,
clonidine,,,,,,
clopidogrel,,,,,,
clotrimazole,,,,,,
codeine,,,,,,
colace,,,,,,
colchicine,,,,,,
concerta,,,,,,
coreg,,,,,,
cosentyx,,,,,,
coumadin,,,,,,
crestor,,,,,,
cyanocobalamin,,,,,,
cyclobenzaprine,,,,,,
cymbalta,,,,,,
dapagliflozin,,,,,,
decadron,,,,,,
demerol,,,,,,
depakote,,,,,,
depo-provera,,,,,,
descovy,"
If you have an allergy to emtricitabine, tenofovir, or any other part of Descovy (emtricitabine and tenofovir alafenamide).
If you are allergic to any drugs like this one, any other drugs, foods, or other substances. Tell your doctor about the allergy and what signs you had, like rash; hives; itching; shortness of breath; wheezing; cough; swelling of face, lips, tongue, or throat; or any other signs.
If you have kidney disease.
If you are taking another drug that has the same drug in it.
If you are taking any of these drugs: Rifabutin, rifampin, rifapentine, St. John's wort, or tipranavir plus ritonavir.
If you are taking any drugs that can raise the chance of kidney problems. There are many drugs that can do this. Ask your doctor or pharmacist if you are not sure.
If you are breast-feeding. Do not breast-feed while you take Descovy.

This is not a list of all drugs or health problems that interact with emtricitabine and tenofovir alafenamide.
Tell your doctor and pharmacist about all of your drugs (prescription or OTC, natural products, vitamins) and health problems. You must check to make sure that it is safe for you to take Descovy with all of your drugs and health problems. Do not start, stop, or change the dose of any drug without checking with your doctor.
",,,,,"
Store in the original container at room temperature.
Store in a dry place. Do not store in a bathroom.
Keep all drugs in a safe place. Keep all drugs out of the reach of children and pets.
Throw away unused or expired drugs. Do not flush down a toilet or pour down a drain unless you are told to do so. Check with your pharmacist if you have questions about the best way to throw out drugs. There may be drug take-back programs in your area.

"
desloratadine,,,,,,
desmopressin,,,,,,
desvenlafaxine,,,,,,
desyrel,,,,,,
detrol,,,,,,
dexamethasone,,,,,,
dexilant,,,,,,
dextroamphetamine,,,,,,
dextromethorphan,,,,,,
diacomit,,,,,,
diastat-acudial,,,,,,
diazepam,,,,,,
diclofenac,,,,,,
dicyclomine,,,,,,
diflucan,,,,,,
digoxin,,,,,,
dilantin,,,,,,
dilaudid,,,,,,
diltiazem,,,,,,
diovan,,,,,,
diphenhydramine,,,,,,
diprolene,,,,,,
divalproex-sodium,,,,,,
donepezil,,,,,,
dopamine,,,,,,
doxazosin,,,,,,
doxycycline,,,,,,
dramamine,,,,,,
dulcolax,,,,,,
dulera,,,,,,
duloxetine,,,,,,
duopa,,,,,,
dupixent,,,,,,
dutasteride,,,,,,
echinacea,,"When considering the use of herbal supplements, seek the advice of your doctor. You may also consider consulting a practitioner who is trained in the use of herbal/health supplements.
If you choose to use echinacea, use it as directed on the package or as directed by your doctor, pharmacist, or other healthcare provider. Do not use more of this product than is recommended on the label.
Echinacea is believed to work best when taken at the first sign of a cold. Although echinacea may not prevent a cold, this product might make cold symptoms less severe.
Do not take topical (for the skin) echinacea by mouth. Topical forms of this product are for use only on the skin.
Do not use different forms (tablets, liquid, tincture, teas, etc) of echinacea at the same time without medical advice. Using different formulations together increases the risk of an overdose.
Call your doctor if the condition you are treating with echinacea does not improve, or if it gets worse while using this product.
Store at room temperature away from moisture and heat.
",,,,
ecotrin,,,,,,
edoxaban,,,,,,
effexor,,,,,,
effexor-xr,,,,,,
effient,,,,,,
elagolix,,,,,,
elavil,,,,,,
elidel,,,,,,
eligard,,,,,,
eliquis,,,,,,
emgality,,,,,,
empagliflozin,,,,,,
enalapril,,,,,,
enbrel,,,,,,
enoxaparin,,,,,,
entecavir,,,,,,
entresto,,,,,,
entyvio,,,,,,
epclusa,,,,,,
epidiolex,,,,,,
epipen-auto-injector,,,,,,
eplerenone,,,,,,
ergocalciferol,,,,,,
erleada,,,,,,
ertapenem,,,,,,
erythromycin,,,,,,
escitalopram,,,,,,
esomeprazole,,,,,,
estrace,,,,,,
estradiol,,,,,,
eszopiclone,,,,,,
etanercept,,,,,,
ethambutol,,,,,,
etodolac,,,,,,
etoposide,,,,,,
euthyrox,,,,,,
evista,,,,,,
excedrin,,,,,,
exelon,,,,,,
exemestane,,,,,,
exenatide,,,,,,
ezetimibe,,,,,,
famotidine,"You should not use this medicine if you are allergic to famotidine or similar medicines such as ranitidine (Zantac), cimetidine (Tagamet), or nizatidine (Axid).
To make sure this medicine is safe for you, tell your doctor or pharmacist if you have ever had:


kidney disease;


liver disease;


cancer stomach; or


long QT syndrome (in you or a family member).


Ask a doctor before using famotidine if you are pregnant or breastfeeding.
",,,,,
farxiga,,,,,,
fasenra,,,,,,
febuxostat,,,,,,
felodipine,,,,,,
femara,,,,,,
fenofibrate,,,,,,
fentanyl,,,,,,
ferrous-gluconate,,,,,,
ferrous_sulfate,,,,,,
fexofenadine,,,,,,
filgrastim,,,,,,
finasteride,,,,,,
fintepla,"Before taking Fintepla, tell your healthcare provider about all of your medical conditions, including if you:

have heart problems
have or have had weight loss
have or have had depression, mood problems, or suicidal thoughts or behavior
have liver problems
have kidney problems
are pregnant or plan to become pregnant. Tell your healthcare provider right away if you become pregnant while taking Fintepla. You and your healthcare provider will decide if you should take Fintepla while you are pregnant.

If you become pregnant while taking Fintepla, talk to your healthcare provider about registering with the North American Antiepileptic Drug Pregnancy Registry. You can enroll in this registry by calling 1-888-233-2334 or go to www. aedpregnancyregistry.org. The purpose of this registry is to collect information about the safety of antiepileptic drugs during pregnancy.


are breastfeeding or plan to breastfeed. It is not known if Fintepla passes into your breast milk. Talk to your healthcare provider about the best way to feed your baby while taking Fintepla.

Tell your healthcare provider about all the medicines you take, including prescription and over-the-counter medicines, vitamins, and herbal supplements.
Know the medicines you take. Keep a list of them to show your healthcare provider or pharmacist when you get a new medicine.
",,,,,
fioricet,,,,,,
firazyr,,,,,,
firmagon,,,,,,
fish_oil,,,,,,
flagyl,,,,,,
flecainide,,,,,,
flexeril,,,,,,
flomax,,,,,,
flonase,,,,,,
florastor,,,,,,
flovent,,,,,,
flovent-hfa,,,,,,
fluconazole,,,,,,
fludrocortisone,,,,,,
fluocinonide-topical,,,,,,
fluoxetine,,,,,,
fluphenazine,,,,,,
fluticasone-and-salmeterol,,,,,,
fluticasone-nasal,,,,,,
fluvoxamine,,,,,,
focalin,,,,,,
folic_acid,,,,,,
forteo,,,,,,
fosamax,,,,,,
fosfomycin,,,,,,
fosinopril,,,,,,
fulvestrant,,,,,,
furosemide,,,,,,
gabapentin,,,,,,
galantamine,,,,,,
garlic,,"When considering the use of herbal supplements, seek the advice of your doctor. You may also consider consulting a practitioner who is trained in the use of herbal/health supplements.
If you choose to use garlic, use it as directed on the package or as directed by your doctor, pharmacist, or other healthcare provider. Do not use more of this product than is recommended on the label.
Do not use different forms (cloves, tablets, oil, etc) of garlic at the same time without medical advice. Using different formulations together increases the risk of an overdose.
Do not crush, chew, or break an enteric coated pill. Swallow it whole. The pill has a special coating to protect your stomach. Breaking the pill will damage this coating.
Call your doctor if the condition you are treating with garlic does not improve, or if it gets worse while using this product.
Garlic can affect blood-clotting and may increase your risk of bleeding. If you need surgery, dental work, or a medical procedure, stop taking garlic at least 2 weeks ahead of time.
Store at room temperature away from moisture, heat, and light, or as directed on the package.
",,,,
gas-x,,,,,,
gaviscon,,"Use exactly as directed on the label, or as prescribed by your doctor.
You must chew the chewable tablet before you swallow it. Then drink about 4 ounces of water or other liquid.
Do not take more than 16 tablets in 24 hours.
Call your doctor if your symptoms do not improve, or if you have acid indigestion more than 2 times per week.
Do not take this medicine for longer than 2 weeks unless your doctor tells you to.
Store at room temperature away from moisture and heat.
",,,,
gavreto,,,,,,
gazyva,,,,,,
gemcitabine,"You should not use gemcitabine if you are allergic to it.
Tell your doctor if you have ever had:


kidney disease;


liver disease (especially cirrhosis);


alcoholism; or


radiation treatment.


Both men and women using  gemcitabine should use effective birth control to prevent pregnancy. Gemcitabine can harm an unborn baby if the mother or father is using this medicine.


If you are a woman, do not use gemcitabine if you are pregnant. You may need to have a negative pregnancy test before starting this treatment. Use effective birth control to prevent pregnancy while you are using this medicine and for at least 6 months after your last dose.


If you are a man, use effective birth control if your sex partner is able to get pregnant. Keep using birth control for at least 3 months after your last dose.


Tell your doctor right away if a pregnancy occurs while either the mother or the father is using gemcitabine.


This medicine may affect fertility (ability to have children) in men. However, it is important to use birth control to prevent pregnancy because gemcitabine can harm an unborn baby.
You should not breastfeed while you are using gemcitabine, and for at least 1 week after your last dose.
",,,,,
gemfibrozil,,,,,,
gemtesa,,,,,,
gemzar,,,,,,
genotropin,,,,,,
gentamicin,,,,,,
genvoya,,,,,,
geodon,"You should not use Geodon if you are allergic to ziprasidone, or if you have:


a heart rhythm disorder;


a personal or family history of long QT syndrome;


uncontrolled or untreated heart failure; or


if you have recently had a heart attack.


Geodon is not approved for use in psychotic conditions related to dementia. Ziprasidone may increase the risk of death in older adults with dementia-related psychosis.
Geodon should never be taken together with any of the following drugs, or a life-threatening heart rhythm disorder could occur:


anagrelide;


methadone;


tacrolimus;


certain anti-nausea medicines including dolasetron, droperidol, or ondansetron;


the antibiotics azithromycin, clarithromycin, erythromycin, levofloxacin, moxifloxacin, and pentamidine;


certain cancer medicines such as arsenic trioxide and vandetanib;


the antidepressants citalopram, escitalopram;


anti-malaria medications including chloroquine, halofantrine, mefloquine;


the following heart rhythm medicines - amiodarone, disopyramide, dofetilide, dronedarone, flecainide, ibutilide, quinidine, sotalol; or


certain anti-psychotics such as chlorpromazine, haloperidol, mesoridazine, pimozide, and thioridazine.


This list is not complete and there may be other drugs that should not be taken at the same time as Geodon. Tell your doctor about all medicines you use.
To make sure Geodon is safe for you, tell your doctor if you have ever had:


any heart problems;


a heart attack or stroke;


a bone marrow or blood cell disorder;


breast cancer;


low blood levels of potassium or magnesium;


diabetes (ziprasidone may raise your blood sugar);


seizures or epilepsy;


suicidal thoughts;


Alzheimer's disease;


trouble swallowing;


liver disease; or


kidney disease.


Tell your doctor if you are pregnant or plan to become pregnant during treatment.
Taking antipsychotic medication during the last 3 months of pregnancy may cause problems in the newborn, such as withdrawal symptoms, breathing problems, feeding problems, fussiness, tremors, and limp or stiff muscles. However, you may have withdrawal symptoms or other problems if you stop taking your medicine during pregnancy. If you become pregnant while taking Geodon, do not stop taking it without your doctor's advice.
It is not known whether ziprasidone passes into breast milk or if it could harm a nursing baby. Talk to your doctor about Geodon if you are planning to breastfeed.
Older adults may be more sensitive to the effects of this medicine.
Geodon is not approved for use by anyone younger than 18 years old.
",,,,,
gilenya,,,,,,
ginkgo-biloba,,"When considering the use of herbal supplements, seek the advice of your doctor. You may also consider consulting a practitioner who is trained in the use of herbal/health supplements.
If you choose to use Ginkgo Biloba, use it as directed on the package or as directed by your doctor, pharmacist, or other healthcare provider. Do not use more of this product than is recommended on the label.
Ginkgo Biloba leaf extract is thought to be likely safe when taken in recommended doses. Ginkgo Biloba seeds are possibly unsafe when taken by mouth after roasting them.
Fresh Ginkgo Biloba seeds in raw form are poisonous and are considered likely unsafe to eat.
Do not use different forms (leaf extract, roasted seeds, tablets, tincture, teas, etc) of Ginkgo Biloba at the same time without medical advice. Using different formulations together increases the risk of an overdose.
Call your doctor if the condition you are treating with Ginkgo Biloba does not improve, or if it gets worse while using this product.
Ginkgo Biloba can affect blood-clotting and may increase your risk of bleeding. If you need surgery, dental work, or a medical procedure, stop taking Ginkgo Biloba at least 2 weeks ahead of time.
Store at room temperature away from moisture, heat, and light.
",,,,
gleevec,,,,,,
glimepiride,,,,,,
glipizide,,,,,,
glucagon,,,,,,
glucophage,,,,,,
glucosamine,,,,,,
glucosamine-chondroitin-with-msm,,"When considering the use of herbal supplements, seek the advice of your doctor. You may also consider consulting a practitioner who is trained in the use of herbal/health supplements.
If you choose to use chondroitin, glucosamine, and MSM, use it as directed on the package or as directed by your doctor, pharmacist, or other healthcare provider. Do not use more of this product than is recommended on the label.
It may take up several weeks before your symptoms improve. Call your doctor if the condition you are treating with chondroitin, glucosamine, and MSM does not improve after a few weeks of treatment, or if your condition gets worse while using this product.
Glucosamine may increase the glucose (sugar) levels in your blood. If you have diabetes, you may need to check your blood sugar more often while taking this medication. You may also need to adjust your insulin dosage. If you need surgery, you may need to stop taking chondroitin, glucosamine, and MSM at least 2 weeks ahead of time. Do not change your dose or medication schedule without advice from your doctor.
Store at room temperature away from moisture, heat, and light.
",,,,
glucotrol,,,,,,
glyburide,,,,,,
glycolax,,,,,,
glycopyrrolate,,,,,,
glyxambi,,,,,,
gocovri,,,,,,
golytely,,,,,,
gralise,,,,,,
granisetron,,,,,,
green-tea,,"When considering the use of herbal supplements, seek the advice of your doctor. You may also consider consulting a practitioner who is trained in the use of herbal/health supplements.
If you choose to use green tea, use it as directed on the package or as directed by your doctor, pharmacist, or other healthcare provider. Do not use more of this product than is recommended on the label.
Do not use different formulations of green tea (such as tablets, extracts, and others) at the same time, unless specifically directed to do so by a health care professional. Using different formulations together increases the risk of an overdose.
Call your doctor if the condition you are treating with green tea does not improve, or if it gets worse while using this product.
If you need a cardiac stress test you should stop taking green tea at least 24 hours before your test.
Store at room temperature away from moisture and heat.
",,,,
griseofulvin,,,,,,
guaifenesin,,,,,,
guanfacine,,,,,,
gvoke-hypopen-injection,,,,,,
haegarda,,,,,,
halcion,,,,,,
haldol,,,,,,
haloperidol,,,,,,
harvoni,,,,,,
heparin,,,,,,
hepatitis-b-adult-vaccine,,,,,,
herceptin,,,,,,
hibiclens,,,,,,
hiprex,,,,,,
hizentra,,,,,,
horizant,,,,,,
humalog,,,,,,
humira,,,,,,
humulin-r,,,,,,
humulin-r-concentrated-u-500,,,,,,
humulin_n,,,,,,
hydralazine,,,,,,
hydrea,,,,,,
hydrochlorothiazide,,,,,,
hydrochlorothiazide-and-lisinopril,,,,,,
hydrochlorothiazide-and-losartan,,,,,,
hydrochlorothiazide-and-olmesartan,,,,,,
hydrochlorothiazide-and-triamterene,,"Follow all directions on your prescription label and read all medication guides or instruction sheets. Your doctor may occasionally change your dose. Use the medicine exactly as directed.
Hydrochlorothiazide and triamterene is usually taken once per day.
You may need frequent medical tests. Even if you have no symptoms, tests can help your doctor determine if this medicine is effective.
Your heart function may also need to be checked using an electrocardiograph or ECG (sometimes called an EKG).
Severe illness can affect your potassium levels. Call your doctor if you have a serious illness, injury, or medical emergency.
If you need surgery or medical tests, tell the doctor you currently use this medicine. You may need to stop for a short time.
If you have high blood pressure, keep using this medicine even if you feel well. High blood pressure often has no symptoms. You may need to use blood pressure medicine for the rest of your life.
Store at room temperature away from moisture, heat, and light.
",,,,
hydrochlorothiazide-and-valsartan,,,,,,
hydrocodone,,,,,,
hydrocortisone,,,,,,
hydrocortisone-topical,,,,,,
hydromorphone,,,,,,
hydroquinone-topical,,,,,,
hydroxychloroquine,,,,,,
hydroxyurea,,,,,,
hydroxyzine,,,,,,
hyoscyamine,,,,,,
hytrin,,,,,,
hyzaar,,,,,,
ibrance,,,,,,
ibrutinib,,,,,,
ibuprofen,,,,,,
iclusig,,,,,,
idhifa,,,,,,
ilumya,,,,,,
imatinib,,,,,,
imbruvica,,,,,,
imdur,,,,,,
imfinzi,,,,,,
imipramine,,,,,,
imitrex,,,,,,
imodium,,,,,,
impoyz,,,,,,
imuran,,,,,,
incruse-ellipta,,,,,,
indapamide,,,,,,
inderal,,,,,,
indocin,,,,,,
indomethacin,,,,,,
infliximab,,,,,,
ingrezza,,,,,,
injectafer,,,,,,
inlyta,,,,,,
insulin,,,,,,
insulin-detemir,,,,,,
insulin-glargine,,,,,,
insulin-lispro,,,,,,
insulin-regular,,,,,,
intuniv,,,,,,
invega,,,,,,
invega-sustenna,,,,,,
invokana,,,,,,
irbesartan,,,,,,
isoniazid,,,,,,
isosorbide-dinitrate,,,,,,
isosorbide_mononitrate,,,,,,
isotretinoin,,,,,,
itraconazole,,,,,,
ivabradine,,,,,,
ivermectin,,,,,,
jadenu,,,,,,
jakafi,,,,,,
jalyn,,,,,,
jantoven,,,,,,
janumet,,,,,,
janumet-xr,,,,,,
januvia,,,,,,
jardiance,,,,,,
jasmiel,,,,,,
jatenzo,,,,,,
jemperli,,,,,,
jentadueto,,,,,,
jentadueto-xr,,,,,,
jevtana,,,,,,
jolivette,,,,,,
jornay-pm,,,,,,
jublia,,,,,,
juluca,,,,,,
juvisync,,,,,,
juxtapid,,,,,,
jynarque,,,,,,
k-dur,,,,,,
kadcyla,,,,,,
kadian,,,,,,
kalbitor,,,,,,
kaletra,,,,,,
kaopectate,,,,,,
kapvay,,,,,,
kariva,,,,,,
kayexalate,,,,,,
kcentra,,,,,,
keflex,,,,,,
kenalog,,,,,,
keppra,,,,,,
kesimpta,"Before using Kesimpta, tell your healthcare provider about all of your medical conditions, including if you:

have or think you have an infection including HBV or PML. See Important information.
have ever taken, currently take, or plan to take medicines that affect your immune system. These medicines could increase your risk of getting an infection.
have had a recent vaccination or are scheduled to receive any vaccinations.

You should receive any required ‘live’ or ‘live-attenuated’ vaccines at least 4 weeks before you start treatment. You should not receive ‘live’ or ‘live-attenuated’ vaccines while you are being treated with Kesimpta and until your healthcare provider tells you that your immune system is no longer weakened.
Whenever possible, you should receive any ‘non-live’ vaccines at least 2 weeks before you start treatment with Kesimpta.
Talk to your healthcare provider about vaccinations for your baby if you used ofatumumab during your pregnancy.


are pregnant, think that you might be pregnant, or plan to become pregnant. It is not known if this medicine will harm your unborn baby. Females who can become pregnant should use birth control (contraception) during treatment with Kesimpta and for 6 months after your last treatment. Talk with your healthcare provider about what birth control method is right for you during this time.
are breastfeeding or plan to breastfeed. It is not known if ofatumumab passes into your breast milk. Talk to your healthcare provider about the best way to feed your baby if you take Kesimpta.

Tell your healthcare provider about all the medicines you take, including prescription and over-the-counter medicines, vitamins, and herbal supplements.

Know the medicines you take. Keep a list of them to show your healthcare provider and pharmacist when you get a new medicine.
",,,,,
ketamine,,,,,,
ketoconazole,,,,,,
ketoconazole-topical,"You should not use  ketoconazole topical if you are allergic to ketoconazole.
Ask a doctor or pharmacist if this medicine is safe to use if you have:


asthma or a sulfite allergy;


an allergic reaction to an antifungal medicine, such as clotrimazole, econazole, or miconazole.


Ask a doctor before using this medicine if you are pregnant.
You should not breast-feed while using ketoconazole topical.
Always follow directions on the medicine label about using this medicine on a child.
",,,,,
ketoprofen,,,,,,
ketorolac-ophthalmic,,,,,,
ketotifen-ophthalmic,,,,,,
kevzara,,,,,,
keytruda,,,,,,
kineret,,,,,,
kisqali,,,,,,
klonopin,,,,,,
klor-con,,,,,,
kombiglyze-xr,,,,,,
krill-oil,,"Use Krill Oil exactly as directed on the label, or as prescribed by your doctor. Do not use in larger or smaller amounts or for longer than recommended.
Swallow the Krill Oil capsule whole. Do not puncture or open the capsule. Krill Oils may work best if taken with with food, although
Marine Oils like Krill Oil are only part of a complete program of treatment that also includes diet, exercise, and weight control. Follow your diet, medication, and exercise routines very closely.
Store Krill Oil at room temperature away from moisture and heat. Do not freeze.
",,,,
kristalose,,,,,,
kyleena,"An IUD can increase your risk of developing a serious pelvic infection, which may threaten your life or your future ability to have children. Ask your doctor about your personal risk.
Do not use during pregnancy. This IUD can cause severe infection, miscarriage, premature birth, or death of the mother if left in place during pregnancy. Tell your doctor right away if you become pregnant. If you continue a pregnancy that occurs while using this IUD, watch for signs such as fever, chills, cramps, vaginal bleeding or discharge.
You should not use this device if you are allergic to levonorgestrel, silicone, silica, silver, barium, iron oxide, or polyethylene, or if you have:


abnormal vaginal bleeding that has not been checked by a doctor;


an untreated or uncontrolled pelvic infection (vaginal, cervical, uterine);


endometriosis or a serious pelvic infection following a pregnancy or abortion in the past 3 months;


pelvic inflammatory disease (PID), unless you had a normal pregnancy after the infection was treated and cleared;


uterine fibroid tumors or conditions that affect the shape of the uterus;


past or present cancer of the breast, cervix, or uterus;


liver disease or liver tumor (benign or malignant);


a condition that weakens your immune system, such as AIDS, leukemia, or IV drug abuse; or


if you have another intrauterine device (IUD) in place.


Tell your doctor if you have ever had:


high blood pressure, heart problems, a heart valve disorder, a heart attack or stroke;


bleeding problems;


migraine headaches; or


a vaginal infection, pelvic infection, or sexually transmitted disease.


You should not use this IUD if you are breastfeeding a baby younger than 6 weeks old. This IUD may be more likely to form a hole or get embedded in the wall of your uterus if you have the device inserted while you are breastfeeding.
",,,,,
kymriah,,,,,,
labetalol,,,,,,
lactulose,,,,,,
lamictal,,,,,,
lamotrigine,,,,,,
lansoprazole,,,,,,
lantus,,,,,,
lasix,,,,,,
latuda,,,,,,
leflunomide,,,,,,
lenvatinib,,,,,,
lenvima,,,,,,
letrozole,,,,,,
leukeran,,,,,,
levaquin,,,,,,
levemir,,,,,,
levocetirizine,,,,,,
levodopa-inhalation,,,,,,
levofloxacin,,,,,,
levothyroxine,,,,,,
levoxyl,,,,,,
lexapro,,,,,,
lexette,,,,,,
liletta,"An IUD can increase your risk of developing a serious pelvic infection, which may threaten your life or your future ability to have children. Ask your doctor about your personal risk.
Do not use during pregnancy. This IUD can cause severe infection, miscarriage, premature birth, or death of the mother if left in place during pregnancy. Tell your doctor right away if you become pregnant. If you continue a pregnancy that occurs while using this IUD, watch for signs such as fever, chills, cramps, vaginal bleeding or discharge.
You should not use this device if you are allergic to levonorgestrel, silicone, silica, silver, barium, iron oxide, or polyethylene, or if you have:


abnormal vaginal bleeding that has not been checked by a doctor;


an untreated or uncontrolled pelvic infection (vaginal, cervical, uterine);


endometriosis or a serious pelvic infection following a pregnancy or abortion in the past 3 months;


pelvic inflammatory disease (PID), unless you had a normal pregnancy after the infection was treated and cleared;


uterine fibroid tumors or conditions that affect the shape of the uterus;


past or present cancer of the breast, cervix, or uterus;


liver disease or liver tumor (benign or malignant);


a condition that weakens your immune system, such as AIDS, leukemia, or IV drug abuse; or


if you have another intrauterine device (IUD) in place.


Tell your doctor if you have ever had:


high blood pressure, heart problems, a heart valve disorder, a heart attack or stroke;


bleeding problems;


migraine headaches; or


a vaginal infection, pelvic infection, or sexually transmitted disease.


You should not use this IUD if you are breastfeeding a baby younger than 6 weeks old. This IUD may be more likely to form a hole or get embedded in the wall of your uterus if you have the device inserted while you are breastfeeding.
",,,,,
linzess,,,,,,
liothyronine,,,,,,
lipitor,,,,,,
liraglutide,,,,,,
lisinopril,,,,,,
lithium,,,,,,
lo-loestrin-fe,,,,,,
lokelma,,,,,,
lomotil,,,,,,
loperamide,,,,,,
loratadine,,,,,,
lorazepam,,,,,,
lorlatinib,,,,,,
losartan,,,,,,
lovastatin,,,,,,
lovaza,,,,,,
lovenox,,,,,,
lunesta,,,,,,
lupron,,,,,,
luxiq,,,,,,
lyrica,,,,,,
lyumjev,,,,,,
macrobid,,,,,,
magnesium-oxide,,,,,,
mavenclad,,,,,,
mavyret,,,,,,
mayzent,,,,,,
meclizine,,,,,,
medrol,,,,,,
medrol-dosepak,,,,,,
melatonin,,,,,"Most dietary supplements like melatonin have not been studied in pregnant women, during breastfeeding, or in children. Seek advice from your healthcare provider before using any dietary supplement if you are pregnant, nursing, or considering the use of this product in a child under 18 years of age.
",
meloxicam,,,,,,
memantine,,,,,,
meropenem,,,,,,
mesalamine,,,,,,
metamucil,,,,,,
metformin,,,,,,
methadone,,,,,,
methimazole,,,,,,
methocarbamol,,,,,,
methotrexate,,,,,,
methylphenidate,,,,,,
methylprednisolone,,,,,,
metoclopramide,,,,,,
metolazone,,,,,,
metoprolol,,,,,,
metronidazole,,,,,,
midazolam,,,,,,
midodrine,,,,,,
minocycline,,,,,,
minoxidil,,,,,,
miralax,,,,,,
mirtazapine,,,,,,
misoprostol,,,,,,
mobic,,,,,,
modafinil,,,,,,
montelukast,,,,,,
morphine,,,,,,
mucinex,,,,,,
mupirocin-topical,,,,,,
mycapssa,,,,,,
mylotarg,,,,,,
myrbetriq,,,,,,
nabumetone,,,,,,
nadolol,,,,,,
naloxone,,,,,,
naltrexone,,,,,,
namenda,,,,,,
namzaric,,,,,,
naprosyn,,,,,,
naproxen,,,,,,
nasonex,,,,,,
nateglinide,,,,,,
nayzilam,,,,,,
nebivolol,,,,,,
neomycin,,,,,,
nerlynx,,,,,,
neulasta,,,,,,
neupro,,,,,,
neurontin,,,,,,
nexium,,,,,,
nexletol,"Before you start taking Nexletol, tell your healthcare provider about all your medical conditions, including if you:

have or had gout.
have or had tendon problems.
are pregnant. Tell your healthcare provider right away if you become pregnant while taking Nexletol. You and your healthcare provider will decide if you should take Nexletol while you are pregnant.
are breastfeeding or plan to breastfeed. It is not known if Nexletol passes into your breast milk. You and your healthcare provider should decide if you will take Nexletol or breastfeed. You should not do both.
have severe kidney problems.
have severe liver problems.

Nexletol may affect the way other medicines work, and other medicines may affect how Nexletol works. Tell your healthcare provider about all the medicines you take, including prescription and over-the-counter medicines, vitamins, and herbal supplements.

Especially tell your healthcare provider if you take or plan to take simvastatin or pravastatin (other cholesterol lowering medicines). Taking simvastatin or pravastatin with Nexletol may increase your risk of developing muscle pain or weakness (myopathy).

Know the medicines you take. Keep a list of them to show your healthcare provider and pharmacist when you get a new medicine.
",,,,,
nexlizet,"Before you start taking Nexlizet, tell your healthcare provider about all your medical conditions, including if you:

have or had gout.
have or had tendon problems.
are pregnant or think you may be pregnant. Tell your healthcare provider right away if you become pregnant while taking Nexlizet. You and your healthcare provider will decide if you should take Nexlizet while you are pregnant.
are breastfeeding or plan to breastfeed. It is not known if Nexlizet passes into your breast milk. You and your healthcare provider should decide if you will take Nexlizet or breastfeed. You should not do both.
have severe kidney problems.
have moderate or severe liver problems.

Nexlizet may affect the way other medicines work, and other medicines may affect how Nexlizet works. Tell your healthcare provider about all the medicines you take, including prescription and over-the-counter medicines, vitamins, and herbal supplements.

Especially tell your healthcare provider if you take or plan to take:

simvastatin or pravastatin (other cholesterol lowering medicines). Taking simvastatin or pravastatin with Nexlizet may increase your risk of developing muscle pain or weakness (myopathy).
cyclosporine (often used in organ transplant patients)
fibrates (used to lower cholesterol)
cholestyramine (used to lower cholesterol)

Know the medicines you take. Keep a list of them to show your healthcare provider and pharmacist when you get a new medicine.
",,,,,
nexplanon,"Using a Nexplanon implant can increase your risk of blood clots, stroke, or heart attack. You are even more at risk if you have high blood pressure, diabetes, high cholesterol, or if you are overweight. Your risk of stroke or blood clot is highest during your first year of using this medicine.
Smoking can greatly increase your risk of blood clots, stroke, or heart attack. Your risk increases the older you are and the more you smoke.
Do not use if you are pregnant. If you become pregnant, the Nexplanon implant should be removed if you plan to continue the pregnancy.
You may need to have a negative pregnancy test before receiving the implant.
You should not use hormonal birth control if you have:


a history of heart attack, stroke, or blood clot;


a history of hormone-related cancer, or cancer of the breast, uterus/cervix, or vagina;


unusual vaginal bleeding that has not been checked by a doctor; or


liver disease or liver cancer.


To make sure Nexplanon is safe for you, tell your doctor if you have ever had:


diabetes;


high cholesterol or triglycerides;


high blood pressure;


headaches;


gallbladder disease;


kidney disease;


depression; or


an allergy to numbing medicines.


Nexplanon may not be as effective in women who are overweight.
The Nexplanon implant should not be used in girls younger than 18 years old.
Etonogestrel can pass into breast milk, but effects on the nursing baby are not known. Tell your doctor if you are breast-feeding.
",,,,,
niacin,,,,,,
niaspan,,,,,,
nifedipine,"You should not use this medicine if you are allergic to nifedipine, if you have severe coronary artery disease, or if you have had a heart attack within the past 2 weeks.
To make sure nifedipine is safe for you, tell your doctor if you have:


severe COPD (chronic obstructive pulmonary disease);


kidney disease;


congestive heart failure; or


if you take other medications, especially an antibiotic or antifungal medicine, an antidepressant, heart or blood pressure medicine, or drugs to treat HIV/AIDS or hepatitis C.


It is not known whether nifedipine will harm an unborn baby. Tell your doctor if you are pregnant or plan to become pregnant while using this medication.
Nifedipine can pass into breast milk and may harm a nursing baby. Tell your doctor if you are breast-feeding a baby.
The nifedipine extended-release tablet may contain lactose. Talk to your doctor before using this form of nifedipine if you have galactose intolerance, or severe problems with lactose (milk sugar).
",,,,,
nitazoxanide,,,,,,
nitrofurantoin,,,,,,
nitrostat,,,,,,
nivolumab,,,,,,
norco,,,,,,
norepinephrine,,,,,,
norethindrone,,,,,,
norflex,,,,,,
nortriptyline,,,,,,
norvasc,,,,,,
novolog,,,,,,
np-thyroid,,,,,,
nplate,,,,,,
nubeqa,,,,,,
nucynta,,,,,,
nuedexta,,,,,,
nurtec-odt,"Before you take Nurtec ODT, tell your healthcare provider about all of your medical conditions, including if you:

have liver problems.
have kidney problems.
are pregnant or plan to become pregnant. It is not known if this medicine will harm your unborn baby.
are breastfeeding or plan to breastfeed. It is not known if this medicine passes into your breast milk.

Tell your healthcare provider about all the medicines you take, including prescription and over-the-counter medicines, vitamins, and herbal supplements.
",,,,,
nystatin,,,,,,
ocrevus,,,,,,
odefsey,,,,,,
ofev,,,,,,
ofloxacin,,,,,,
olanzapine,,,,,,
olaparib,,,,,,
olmesartan,,,,,,
olopatadine-nasal,,,,,,
olopatadine-ophthalmic,,,,,,
olux,,,,,,
omalizumab,,,,,,
omega-3-polyunsaturated-fatty-acids,,,,,,
omeprazole,,,,,,
omnicef,,,,,,
ondansetron,,,,,,
onfi,,,,,,
ongentys,,,,,,
onglyza,,,,,,
onpattro,,,,,,
onureg,,,,,,
opana,,,,,,
opdivo,,,,,,
orencia,,,,,,
orgovyx,,,,,,
oriahnn,,,,,,
orlistat,,,,,,
orphenadrine,,,,,,
ortho-tri-cyclen,,,,,,
oseltamivir,,,,,,
otezla,,,,,,
oxaliplatin,,,,,,
oxandrolone,,,,,,
oxazepam,,,,,,
oxcarbazepine,,,,,,
oxybutynin,,,,,,
oxycodone,,,,,,
oxycontin,,,,,,
oxymetazoline-nasal,,,,,,
oxymorphone,,,,,,
oxytocin,,,,,,
ozanimod,,,,,,
ozempic,,,,,,
pantoprazole,,,,,,
paracetamol,,,,,,
paragard,,,,,,
paroxetine,,,,,,
paxil,,,,,,
penicillin,,,,,,
pepcid,,,,,,
percocet,,,,,,
phenazopyridine,,,,,,
phenergan,,,,,,
phenobarbital,,,,,,
phentermine,,,,,,
phenytoin,,,,,,
phexxi,"Before using Phexxi, tell your healthcare provider about all of your medical conditions, including if you:

are pregnant or think you are pregnant. Phexxi is not for use in pregnant women.
are breastfeeding or plan to breastfeed. It is not known if Phexxi passes into your breast milk.

Tell your healthcare provider about all the medicines you take, including prescription and over-the-counter medicines, vitamins, and herbal supplements.

Know the medicines you take. Keep a list of them to show your healthcare provider and pharmacist when you get a new medicine.
",,,,,
pioglitazone,,,,,,
plaquenil,,,,,,
plavix,,,,,,
polyethylene-glycol-3350,,,,,,
potassium_chloride,,,,,,
pradaxa,,,,,,
praluent,,,,,,
pramipexole,,,,,,
pravastatin,,,,,,
prazosin,,,,,,
prednisolone,,,,,,
prednisone,,,,,,
pregabalin,,,,,,
premarin,"You should not use Premarin if you are allergic to estrogens, or if you have:


unusual vaginal bleeding that has not been checked by a doctor;


liver disease;


a history of heart attack, stroke, or blood clot;


an increased risk of having blood clots due to a heart problem or a hereditary blood disorder; or


a history of hormone-related cancer, or cancer of the breast, uterus/cervix, or vagina.


Do not use Premarin if you are pregnant. Tell your doctor right away if you become pregnant during treatment.
Using this medicine can increase your risk of blood clots, stroke, or heart attack. You are even more at risk if you have high blood pressure, diabetes, high cholesterol, if you are overweight, or if you smoke.
Estrogen should not be used to prevent heart disease, stroke, or dementia. This medicine may actually increase your risk of developing these conditions.
To make sure this medicine is safe for you, tell your doctor if you have ever had:


a hysterectomy;


heart disease;


liver problems, or jaundice caused by pregnancy or taking hormones;


kidney disease;


gallbladder disease;


asthma;


epilepsy or other seizure disorder;


migraines;


lupus;


endometriosis or uterine fibroid tumors;


hereditary angioedema;


porphyria (a genetic enzyme disorder that causes symptoms affecting the skin or nervous system);


a thyroid disorder; or


high levels of calcium in your blood.


Use of Premarin may increase your risk of cancer of the breast, uterus, or ovaries. Talk with your doctor about this risk.
It may not be safe to breastfeed while using Premarin. Estrogen can slow breast milk production. Tell your doctor if your are breastfeeding.
",,,,,
prevacid,,,,,,
prilosec,,,,,,
primidone,,,,,,
pristiq,,,,,,
proair-hfa,,,,,,
probuphine,,,,,,
progesterone,,,,,,
prolia,,,,,,
promethazine,,,,,,
propofol,,,,,,
propranolol,,,,,,
protonix,,,,,,
provenge,,,,,,
prozac,,,,,,
pseudoephedrine,,,,,,
pyridium,,,,,,
qbrelis,,,,,,
qelbree,"Before starting treatment, tell your healthcare provider about all your child’s medical conditions, including if your child:

has, or has a family history of, suicide, bipolar disorder, depression, mania or hypomania
has blood pressure or heart rate problems
has severe kidney problems. Your healthcare provider may lower the dose.
has liver problems
is pregnant or plans to become pregnant. Qelbree may cause harm to the mother when taken during pregnancy. You and your healthcare provider will decide if Qelbree should be taken during pregnancy.

Tell your healthcare provider right away if your child becomes pregnant or thinks they are pregnant during treatment with Qelbree.
There is a pregnancy registry for females who are exposed to Qelbree during pregnancy. The purpose of the registry is to collect information about the health of females exposed to Qelbree and their baby. If you become pregnant while taking Qelbree, talk to your healthcare provider about registering with the National Pregnancy Registry for Psychiatric Medications by calling 1-866-961-2388 or go to www.womensmentalhealth.org/preg.


is breastfeeding or plans to breastfeed. It is not known if Qelbree passes into breastmilk. Talk to your healthcare provider about the best way to feed the baby during treatment.
Tell your healthcare provider about all the medicines your child takes, including prescription and over-thecounter medicines, vitamins, and herbal supplements.

Qelbree and other medicines may affect each other causing possible serious side effects.
Your healthcare provider will decide if Qelbree can be taken with other medicines.
Especially tell your healthcare provider if your child takes:

MAOIs
alosetron
duloxetine
ramelteon
tasimelteon
tizanidine
theophylline

Know the medicines your child takes. Keep a list of them and show it to your healthcare provider and pharmacist when your child gets a new medicine.
Do not start any new medicine during treatment with Qelbree without first talking to your healthcare provider.
",,,,,
qinlock,,,,,,
qnasl,,,,,,
qsymia,,,,,,
qualaquin,,,,,,
quazepam,,,,,,
questran,,,,,,
quetiapine,,,,,,
quillichew-er,,,,,,
quillivant-xr,,,,,,
quinapril,,,,,,
quinidine,,,,,,
quinine,,,,,,
qutenza,,,,,,
qvar-redihaler,,,,,,
qwo,,,,,,
rabeprazole,,,,,,
raloxifene,,,,,,
ramelteon,,,,,,
ramipril,"You should not use ramipril if you are allergic to it, or if:


you have a history of angioedema;


you recently took a heart medicine called sacubatril; or


if you are allergic to any other ACE inhibitor, such as benazepril, captopril, enalapril, fosinopril, lisinopril, moexipril, perindopril, quinapril, or trandolapril.


Do not take ramipril within 36 hours before or after taking medicine that contains sacubatril (such as Entresto).
If you have diabetes, do not use ramipril together with any medication that contains aliskiren (such as Tekturna or Tekamlo).
You may also need to avoid taking ramipril with aliskiren if you have kidney disease.
To make sure this medicine is safe for you, tell your doctor if you have ever had:


kidney disease (or if you are on dialysis);


liver disease;


a connective tissue disease such as Marfan syndrome, Sjogren's syndrome, lupus, scleroderma, or rheumatoid arthritis; or


if you are also taking telmisartan (Micardis).


Do not use if you are pregnant. If you become pregnant, stop taking this medicine and tell your doctor right away. Ramipril can cause injury or death to the unborn baby if you take the medicine during your second or third trimester. Use effective birth control.
It is not known whether ramipril passes into breast milk or if it could harm a nursing baby. You should not breast-feed while using this medicine.
",,,,,
ranexa,,,,,,
ranitidine,,,,,,
ranolazine,,,,,,
rapamune,,,,,,
reclast,,,,,,
reglan,,,,,,
relafen,,,,,,
relugolix,,,,,,
remdesivir,,,,,,
remeron,,,,,,
remicade,,,,,,
renvela,,,,,,
repaglinide,,,,,,
repatha,,,,,,
requip,,,,,,
restasis,,,,,,
restoril,,,,,,
retevmo,"Before taking Retevmo, tell your healthcare provider about all your medical conditions, including if you:

have liver problems
have high blood pressure
have heart problems including a condition called QT prolongation
have bleeding problems
plan to have surgery. You should stop taking Retevmo at least 7 days before your planned surgery. See Retevmo side effects.
are pregnant or plan to become pregnant. Retevmo can harm your unborn baby. You should not become pregnant during treatment.

If you are able to become pregnant, your healthcare provider will do a pregnancy test before you start treatment.
Females who are able to become pregnant should use effective birth control (contraception) during treatment and for at least 1 week after the final dose. Talk to your healthcare provider about birth control methods that may be right for you.
Tell your healthcare provider right away if you become pregnant or think you might be pregnant during treatment.
Males with female partners who are able to become pregnant should use effective birth control during treatment, and for at least 1 week after the final dose.


are breastfeeding or plan to breastfeed. It is not known if Retevmo passes into your breast milk. Do not breastfeed during treatment, and for 1 week after the last dose.

Tell your healthcare provider about all the medicines you take, including prescription and over-the-counter medicines, vitamins, and herbal supplements.
Certain other medicines may affect how Retevmo works.
You should avoid taking St. John’s wort, proton pump inhibitors (PPIs such as dexlansoprazole, esomeprazole, lansoprazole, omeprazole, pantoprazole sodium, rabeprazole), H2 blockers (such as famotidine, nizatidine, and cimetidine), and antacids that contain aluminum, magnesium, calcium, simethicone, or buffered medicines during treatment with Retevmo. If you cannot avoid taking PPIs, H2 blockers, or antacids, see “How should I take Retevmo?” for more information on how to take Retevmo with these medicines.
Know the medicines you take. Keep a list of them to show your healthcare provider and pharmacist when you get a new medicine.
",,,,,
revlimid,,,,,,
rexulti,,,,,,
reyvow,,,,,,
rifampin,,,,,,
rifaximin,,,,,,
rinvoq,,,,,,
risdiplam,,,,,,
risedronate,,,,,,
risperdal,,,,,,
risperidone,,,,,,
ritalin,,,,,,
rituxan,,,,,,
rituximab,,,,,,
rivaroxaban,,,,,,
rivastigmine,,,,,,
rizatriptan,,,,,,
robaxin,,,,,,
robitussin,,,,,,
rocephin,,,,,,
ropinirole,,,,,,
rosuvastatin,,,,,,
roxicodone,,,,,,
ruconest,,,,,,
rybelsus,,"Take Rybelsus tablets exactly as prescribed by your doctor. Follow all directions on your prescription label and read all medication guides or instruction sheets. Your doctor may occasionally change your dose.
Rybelsus tablets are taken by mouth when you first wake up, at least 30 minutes before you eat or drink anything. Take this medicine with no more than 4 ounces of water. Swallow the tablet whole and do not crush, chew, or break it.
Eat within 30 to 60 minutes after taking Rybelsus.
Read and follow all Instructions for Use. Ask your doctor or pharmacist if you need help.
Blood sugar can be affected by stress, illness, surgery, exercise, alcohol use, or skipping meals.
Low blood sugar (hypoglycemia) can make you feel very hungry, dizzy, irritable, or shaky. To quickly treat hypoglycemia, eat or drink hard candy, crackers, raisins, fruit juice, or non-diet soda. Your doctor may prescribe glucagon injection in case of severe hypoglycemia.
Tell your doctor if you have frequent symptoms of high blood sugar (hyperglycemia) such as increased thirst or urination. Ask your doctor before changing your medication dosage.
Call your doctor if you have ongoing vomiting or diarrhea, or if you are sweating more than usual. You can easily become dehydrated while taking Rybelsus. This can lead to kidney failure.
Your treatment may also include diet, exercise, weight control, and special medical care.
Store Rybelsus tablets in their original package at room temperature, away from moisture and heat.
",,,,
rydapt,,,,,,
rytary,,,,,,
sabril,,,,,,
sandostatin,,,,,,
saxenda,,,,,,
semaglutide,,,,,,
senna,,,,,,
senokot,,,,,,
sernivo,,,,,,
seroquel,,,,,,
sertraline,,,,,,
sevelamer,,,,,,
shingrix,,,,,,
sildenafil,,,,,,
simethicone,,,,,,
simvastatin,,,,,,
sinemet,,,,,,
singulair,,,,,,
sitagliptin,,,,,,
skelaxin,,,,,,
skyrizi,,,,,,
sodium-bicarbonate,,,,,,
sofosbuvir,,,,,,
solifenacin,,,,,,
soliqua,,,,,,
soma,,,,,,
somatuline-depot,,,,,,
somavert,,,,,,
sotalol,,,,,,
sovaldi,,,,,,
spinraza-injection,,,,,,
spiriva,,,,,,
spironolactone,,,,,,
sprintec,,,,,,
sprycel,,,,,,
stelara,,,,,,
stiolto-respimat,,,,,,
strattera,,,,,,
stribild,,,,,,
sublocade,,,,,,
suboxone,,,,,,
subutex,,,,,,
sucralfate,,,,,,
sudafed,,,,,,
sulfamethoxazole-and-trimethoprim,,,,,,
sulfasalazine,,,,,,
sulindac,,,,,,
sutent,,,,,,
symbicort,,,,,,
sympazan,,,,,,
synthroid,,,,,,
tadalafil,,,,,,
takhzyro,,,,,,
taltz,,,,,,
tamoxifen,,,,,,
tamsulosin,,,,,,
tazarotene-topical,,,,,,
tazorac,,,,,,
tecartus,,,,,,
tecentriq,,,,,,
tegretol,,,,,,
telmisartan,,,,,,
temazepam,,,,,,
temovate,,,,,,
tenormin,,,,,,
tepezza,,,,,,
terazosin,,,,,,
terbinafine,,,,,,
tessalon-perles,,,,,,
testosterone,,,,,,
tetracycline,,,,,,
theophylline,,,,,,
thiamine,,,,,,
tibsovo,,,,,,
timolol,,,,,,
tizanidine,,,,,,
tolterodine,,,,,,
topamax,,,,,,
topiramate,,,,,,
toprol,,"Take Toprol-XL exactly as prescribed by your doctor. Follow all directions on your prescription label and read all medication guides or instruction sheets. Your doctor may occasionally change your dose.
Toprol-XL should be taken with a meal or just after a meal.
Take the medicine at the same time each day.
Swallow the extended release tablet whole and do not crush or chew the tablet.
A Toprol XL tablet can be divided in half if your doctor has told you to do so. Swallow the half-tablet whole, without chewing or crushing.
You will need frequent medical tests, and your blood pressure will need to be checked often.
If you need surgery, tell the surgeon ahead of time that you are using metoprolol.
You should not stop using Toprol-XL suddenly. Stopping suddenly may make your condition worse.
If you have high blood pressure, keep using Toprol-XL even if you feel well. High blood pressure often has no symptoms. You may need to use metoprolol for the rest of your life.
Store at room temperature away from moisture and heat.
",,,,
toradol,,,,,,
torsemide,,,,,,
toujeo,,,,,,
tradjenta,,,,,,
tramadol,,,,,,
tranexamic-acid,,,,,,
trazodone,,,,,,
treanda,,,,,,
trelegy-ellipta,,,,,,
tremfya,,,,,,
tresiba,,,,,,
triamcinolone,,,,,,
triamterene,,,,,,
trileptal,,,,,,
trimethoprim,,,,,,
trintellix,,,,,,
triumeq,,,,,,
trokendi-xr,,,,,,
truxima,,,,,,
turmeric,,"When considering the use of herbal supplements, seek the advice of your doctor. You may also consider consulting a practitioner who is trained in the use of herbal/health supplements.
If you choose to use turmeric, use it as directed on the package or as directed by your doctor, pharmacist, or other healthcare provider. Do not use more of this product than is recommended on the label.
Turmeric is thought to be possibly safe when used short time as a mouth rinse or as an enema.
Do not use different forms of turmeric (pills, liquids, and others) at the same time or you could have an overdose.
If you need surgery, dental work, or a medical procedure, stop taking turmeric at least 2 weeks ahead of time.
Call your doctor if the condition you are treating with turmeric does not improve, or if it gets worse while using this product.
Store as directed, or at room temperature away from moisture and heat.
",,,,
twirla,,,,,,
tylenol,,,,,,
tylenol-with-codeine-3,,,,,,
tysabri,,,,,,
ubrelvy,,,,,,
ubrogepant,,,,,,
uceris,,,,,,
udenyca,,,,,,
ulipristal,,,,,,
uloric,,,,,,
ultomiris,,,,,,
ultracet,,,,,,
ultram,,,,,,
ultram-er,,,,,,
ultravate,,,,,,
umeclidinium,,,,,,
umeclidinium-and-vilanterol,,,,,,
unasyn,,,,,,
undecylenic-acid-topical,,"Use exactly as directed on the label, or as prescribed by your doctor.
Do not take by mouth. Topical medicine is for use only on the skin.
Use only the undecylenic acid topical formulation made for the specific body area you are treating (such as your feet, groin, or nails). This medicine will not be effective if you do not use the correct formulation.
Do not allow a young child to use undecylenic acid topical without help from an adult.
Wash your hands before and after using this medicine.
If you are using undecylenic acid topical on your feet, apply the medicine to all areas including between your toes.
Do not cover treated skin with a bandage. You may cover the skin with a cotton gauze dressing to protect your clothing.
Avoid wearing tight-fitting, synthetic clothing (such as nylon) that doesn't allow air circulation. Wear loose clothing made of cotton and other natural fibers until the infection is healed.
Change your shoes and socks at least once daily while treating athlete's foot.
Call your doctor if your symptoms do not improve after 4 weeks of treatment.
Use this medicine for the full prescribed length of time, even if your symptoms quickly improve.
Store at room temperature away from moisture and heat. Do not freeze.
",,,,
unisom,,,,,,
unisom-sleep-gels,,,,,,
univasc,,,,,,
upadacitinib,,,,,,
upneeq,,,,,,
uptravi,,,,,,
urea-topical,,,,,,
urecholine,,,,,,
urelle,,,,,,
uribel,,,,,,
urispas,,,,,,
urocit-k,,,,,,
urofollitropin,,,,,,
urogesic-blue,,,,,,
urokinase,,,,,,
uroxatral,,,,,,
urso,,,,,,
urso-forte,,,,,,
ursodiol,,,,,,
ustekinumab,,,,,,
utibron-neohaler,,,,,,
valacyclovir,,,,,,
valium,,,,,,
valproic-acid,,,,,,
valsartan,,,,,,
valtoco,,,,,,
valtrex,,,,,,
vancomycin,,,,,,
vanos,,,,,,
varenicline,,,,,,
vascepa,,,,,,
vasotec,,,,,,
venclexta,,,,,,
venetoclax,,,,,,
venlafaxine,,,,,,
venofer,,,,,,
ventolin,,,,,,
verapamil,,,,,,
versed,,,,,,
verzenio,,,,,,
vesicare,,,,,,
viagra,,,,,,
vicodin,,,,,,
victoza,,,,,,
viibryd,,,,,,
vilazodone,,,,,,
vimpat,,,,,,
vincristine,,,,,,
vistaril,,,,,,
vitamin-a,"Ask a doctor or pharmacist if  vitamin A is safe to use if you have ever had:


a zinc or iron deficiency;


celiac disease;


kidney disease;


liver problems such as cirrhosis or jaundice (yellow of the skin or eyes);


anemia (low red blood cells);


short gut syndrome;


an infection in your intestines;


cystic fibrosis;


a pancreas disorder;


if you are malnourished; or


if your body does not absorb fats properly.


Do not use vitamin A without medical advice if you are pregnant. Although some vitamin A is needed for the normal development of a baby, vitamin A can cause birth defects if used in large doses. You may need to use a prenatal vitamin specially formulated for pregnant women.
Ask a doctor before using this medicine if you are breastfeeding. Your dose needs may be different while you are nursing.
",,,,,
vitamin-b6,,,,,,
vitamin-c,,,,,,
vitamin-d3,,,,,,
vitamin_e,,,,,,
vivitrol,,,,,,
voltaren,,,,,,
voltaren-gel,,,,,,
vortioxetine,,,,,,
vosevi,,,,,,
votrient,,,,,,
vraylar,,,,,,
vyndamax,,,,,,
vytorin,,,,,,
vyvanse,,,,,,
wakix,,,,,,
warfarin,,,,,,
wart-remover,,,,,,
wegovy,"Before you start treatment, tell your healthcare provider if you have any other medical conditions, including if you:

have or have had problems with your pancreas or kidneys.
have type 2 diabetes and a history of diabetic retinopathy.
have or have had depression or suicidal thoughts, or mental health issues.
are pregnant or plan to become pregnant. Wegovy may harm your unborn baby. You should stop using Wegovy 2 months before you plan to become pregnant.

Pregnancy Exposure Registry: There is a pregnancy exposure registry for women who use Wegovy during pregnancy. The purpose of this registry is to collect information about the health of you and your baby.
Talk to your healthcare provider about how you can take part in this registry or you may contact Novo Nordisk at 1-800-727-6500.


are breastfeeding or plan to breastfeed. It is not known if Wegovy passes into your breast milk. You should talk with your healthcare provider about the best way to feed your baby while using Wegovy.

Tell your healthcare provider about all the medicines you take, including prescription and over-the counter medicines, vitamins, and herbal supplements. Wegovy may affect the way some medicines work and some medicines may affect the way Wegovy works. Tell your healthcare provider if you are taking other medicines to treat diabetes, including sulfonylureas or insulin. Wegovy slows stomach emptying and can affect medicines that need to pass through the stomach quickly.
Know the medicines you take. Keep a list of them to show your healthcare provider and pharmacist when you get a new medicine.
",,,,,
welchol,,,,,,
wellbutrin,,,,,,
wellbutrin-sr,,,,,,
wellbutrin-xl,,,,,,
westhroid,,,,,,
wilate,,,,,,
winlevi,"
Before using Winlevi cream, tell your healthcare provider about all of your medical conditions, including if you:

have skin problems, including eczema, cuts or sunburn
are pregnant or plan to become pregnant. It is not known if Winlevi cream will harm your unborn baby.
are breastfeeding or plan to breastfeed. It is not known if Winlevi cream passes into your breast milk. Talk to your healthcare provider about the best way to feed your baby during treatment with Winlevi cream.


Tell your healthcare provider about the medicines you take, including prescription and over-the-counter medicines, vitamins, and herbal supplements.

","
Use Winlevi cream exactly as your healthcare provider tells you to use it.
Before applying the cream, gently wash and dry the affected skin area.
After the skin is dry, apply a thin even layer of Winlevi cream to the affected areas 2 times each day, in the morning and the evening.
Wash your hands after applying the cream.

",,,,
winrho-sdf,,,,,,
witch-hazel-topical,,"When considering the use of an alternative medicine, seek the advice of your doctor. You may also consider consulting a practitioner who is trained in the use of natural medicines.
If you choose to use witch hazel topical, use it as directed on the package or as directed by your doctor, pharmacist, or other healthcare provider. Do not use more of this product than is recommended on the label.
Do not take by mouth. Topical medicine is for use only on the skin. Witch hazel may cause stomach upset or liver problems when taken by mouth.
Witch hazel topical is available in different forms, such as liquid, gel, soap, or topical pad.
Call your doctor if the condition you are treating with witch hazel topical does not improve, or if it gets worse while using this product.
Store witch hazel topical as directed on the label.
",,,,
wycillin,,,,,,
wynzora,,,,,,
xadago,,,,,,
xalatan,,,,,,
xalkori,,,,,,
xanax,,,,,,
xanax_xr,,,,,,
xarelto,,,,,,
xcopri,"Before you start treatment, tell your healthcare provider about all your medical conditions, including if you:

have or had depression, mood problems, or suicidal thoughts or actions.
have liver, kidney, or blood problems.
have had an allergic reaction to a medicine which caused a rash or affected internal organs, like the liver or blood cells.
use birth control medicine. Xcopri may cause your birth control medicine to be less effective. Talk to your healthcare provider about the best birth control method to use while taking Xcopri.
are pregnant or plan to become pregnant. It is not known if this medicine will harm your unborn baby. Tell your healthcare provider right away if you become pregnant during treatment. You and your healthcare provider will decide if you should take Xcopri while you are pregnant.

If you become pregnant while taking Xcopri, talk to your healthcare provider about registering with the North American Antiepileptic Drug (NAAED) Pregnancy Registry. The purpose of this registry is to collect information about the safety of antiepileptic medicine during pregnancy. You can enroll in this registry by calling 1-888-233-2334 or go to www.aedpregnancyregistry.org


are breastfeeding or plan to breastfeed. It is not known if this medicine passes into breastmilk. Talk to your healthcare provider about the best way to feed your baby while taking Xcopri.

Tell your healthcare provider about all the medicines you take, including prescription and over-the-counter medicines, vitamins, and herbal supplements.
Xcopri may affect the way other medicines work, and other medicines may affect how Xcopri works. Do not start a new medicine without first talking with your healthcare provider.
Ask your healthcare provider or pharmacist for a list of medicines you are taking, if you are not sure. Know the medicines you take. Keep a list of them and show it to your healthcare provider and pharmacist when you get a new medicine.
",,,,,
xeljanz,,,,,,
xeljanz-xr,,,,,,
xeloda,,,,,,
xenical,,,,,,
xeomin,,,,,,
xerese,,"Apply Xerese cream exactly as prescribed by your doctor. Follow all directions on your prescription label and read all medication guides or instruction sheets.
Start using this medicine as soon as possible after the first appearance of symptoms (such as tingling, burning, itching, or redness). Xerese may not be effective if taken after you already have symptoms.
Wash your hands before and after applying the medicine. Also wash the skin area to be treated.
Apply a thin layer of Xerese cream to cover the cold sore or tingly area. Do not rub the cold sore, to avoid making it worse or spreading the virus to other areas of your mouth.
Do not cover the treated skin with a bandage. Do not apply sunscreen, lip balm, or cosmetics to the treated cold sore area.
Xerese cream is usually applied 5 times per day for 5 days in a row. Follow your doctor's dosing instructions very carefully.
Use this medicine for the full prescribed length of time, even if your symptoms quickly improve.
Call your doctor if your symptoms do not improve after 2 weeks.
Store at room temperature away from moisture and heat. Do not freeze.
",,,,
xermelo,,,,,,
xgeva,,,,,,
xiaflex,,"Xiaflex is injected directly into the ""cord"" of the affected hand or into a ""plaque"" of the penis. A healthcare provider will give you this injection. Follow your doctor's dosing instructions very carefully.
For Dupuytren's contracture:


Xiaflex is usually given in a treatment cycle of 1 to 3 injections given 4 weeks apart.


After your injection, do not touch or put pressure on the treated area of the hand for the rest of the day. Keep the treated hand elevated until bedtime.


You may need to wear a splint on your hand for a short time to keep your fingers straight, especially at night. You may also need to perform daily finger exercises. Follow your doctor's instructions.


One to 3 days after injection into your hand, your doctor will need to examine the hand to see if your condition has improved.


If you still have the cord, your doctor may try to break it by extending your treated finger.


Call your doctor if you have trouble bending the treated finger after the swelling goes down.
For Peyronie's disease:


Xiaflex is usually given in a treatment cycle of 2 injections given 1 to 3 days apart.


Your penis may need to be wrapped in a bandage for a short time after each injection. Follow your doctor's instructions about how long to wear the bandage.


One to 3 days after your second injection, your doctor will perform a stretching procedure to help straighten the curve in your penis.


You may also need to perform gentle exercises to stretch and straighten the penis at home every day for 6 weeks. Carefully follow all directions about how to perform these exercises.


You should not have any sexual activity for at least 2 weeks after your second injection if the first injection caused any pain or swelling in your penis.


",,,,
xifaxan,,,,,,
xigduo-xr,,,,,,
xiidra,,,,,,
xofigo,,,"The U.S. Food and Drug Administration (FDA) has approved Xofigo (radium 223 dichloride) for the treatment of patients with castration-resistant prostate cancer (CRPC), symptomatic bone metastases and no known visceral metastatic disease. Xofigo is the first alpha particle-emitting radioactive therapeutic agent approved by the FDA that has demonstrated improvement in overall survival (OS) and delay in time to first symptomatic skeletal event (SSE) compared to placebo, as shown in the pivotal Phase III ALSYMPCA trial.
","Advise patients:

To be compliant with blood cell count monitoring appointments while receiving Xofigo. Explain the importance of routine blood cell counts. Instruct patients to report signs of bleeding or infections.
To stay well hydrated and to monitor oral intake, fluid status, and urine output while being treated with Xofigo. Instruct patients to report signs of dehydration, hypovolemia, urinary retention, or renal failure / insufficiency.
There are no restrictions regarding contact with other people after receiving Xofigo. Follow good hygiene practices while receiving Xofigo and for at least 1 week after the last injection in order to minimize radiation exposure from bodily fluids to household members and caregivers. Whenever possible, patients should use a toilet and the toilet should be flushed several times after each use. Clothing soiled with patient fecal matter or urine should be washed promptly and separately from other clothing. Caregivers should use universal precautions for patient care such as gloves and barrier gowns when handling bodily fluids to avoid contamination. When handling bodily fluids, wearing gloves and hand washing will protect caregivers.
Who are sexually active to use condoms and their female partners of reproductive potential to use a highly effective method of birth control during treatment and for 6 months following completion of Xofigo treatment.

",,
xofluza,,,,,,
xolair,,,,,,
xopenex,,,,,,
xopenex-hfa,,,,,,
xtampza-er,"Before taking Xtampza ER, tell your healthcare provider if you have a history of:

head injury, seizures
problems urinating
liver, kidney, thyroid problems
pancreas or gallbladder problems
abuse of street or prescription drugs, alcohol addiction, or mental health problems.

Tell your healthcare provider if you are:

pregnant or planning to become pregnant. Prolonged use of Xtampza ER during pregnancy can cause withdrawal symptoms in your newborn baby that could be life-threatening if not recognized and treated.
breastfeeding. Not recommended during treatment. It may harm your baby.
taking prescription or over-the-counter medicines, vitamins, or herbal supplements. Taking Xtampza ER with certain other medicines can cause serious side effects that could lead to death.

",,,,,
xtandi,,,,,,
xulane-transdermal,,,,,,
xultophy,,,,,,
xylocaine-mpf,,,,,,
xylometazoline-nasal,,,,,,
xyosted,,,,,,
xyrem,,,,,,
xywav,,,,,,
xyzal,,,,,,
yasmin,,,,,,
yaz,,,,,,
yellow-fever-vaccine,,,,,,
yervoy,,,,,,
yescarta,,,,,,
yondelis,,,,,,
yonsa,,,,,,
yosprala,,,,,,
yupelri,,,,,,
zaditor,,,,,,
zafirlukast,,,,,,
zaleplon,,,,,,
zanaflex,,,,,,
zantac,,,,,,
zenpep,,,,,,
zeposia,"Before taking Zeposia, tell your healthcare provider about all of your medical conditions, including if you:

have a fever or infection, or you are unable to fight infections due to a disease or take or have taken medicines that lower your immune system.
received a vaccine in the past 30 days or are scheduled to receive a vaccine. Zeposia may cause vaccines to be less effective.
Before you start treatment with Zeposia, your healthcare provider may give you a chicken pox (Varicella Zoster Virus) vaccine if you have not had one before.
have had chickenpox or have received the vaccine for chickenpox. Your healthcare provider may do a blood test for the chickenpox virus. You may need to get the full course of the vaccine for chickenpox and then wait 1 month before you start taking Zeposia.
have a slow heart rate.
have an irregular or abnormal heartbeat (arrhythmia).
have a history of a stroke.
have heart problems, including a heart attack or chest pain.
have high blood pressure.
have liver problems.
have breathing problems, including during your sleep.
have eye problems, especially an inflammation of the eye called uveitis.
have diabetes.
are pregnant or plan to become pregnant. Zeposia may harm your unborn baby. Talk with your healthcare provider if you are pregnant or plan to become pregnant. If you are a female who can become pregnant, you should use effective birth control during your treatment with Zeposia and for 3 months after you stop taking Zeposia. Talk with your healthcare provider about what birth control method is right for you during this time.
Tell your healthcare provider right away if you become pregnant while taking Zeposia or if you become pregnant within 3 months after you stop taking Zeposia.
are breastfeeding or plan to breastfeed. It is not known if Zeposia passes into your breast milk. Talk to your healthcare provider about the best way to feed your baby if you take Zeposia.

Tell your healthcare provider about all the medicines you take or have recently taken, including prescription and over-the-counter medicines, vitamins, and herbal supplements. Using Zeposia with other medicines can cause serious side effects. Especially tell your healthcare provider if you take or have taken:

medicines that affect your immune system, such as alemtuzumab
medicines to control your heart rhythm (antiarrhythmics), or heart beat
CYP2C8 inducers such as rifampin
CYP2C8 inhibitors such as gemfibrozil
opioids (pain medicine)
medicines to treat depression
medicines to treat Parkinson’s disease
medicines to control your heart rate and blood pressure (beta blocker medicines and calcium channel blocker medicines)

You should not receive live vaccines during treatment with Zeposia, for at least 1 month before starting treatment, and for 3 months after you stop treatment. Vaccines may not work as well when given during treatment with Zeposia.

Talk with your healthcare provider if you are not sure if you take any of these medicines.
Know the medicines you take. Keep a list of them to show your healthcare provider and pharmacist when you get a new medicine.
",,,,,
zestoretic,,,,,,
zestril,,,,,,
zetia,,,,,,
ziac,,,,,,
zinc,,,,,,
zinc-gluconate,,,,,,
zinc-sulfate,,,,,,
ziprasidone,,,,,,
zithromax,,,,,,
zocor,,,,,,
zofran,,,,,,
zofran-odt,,,,,,
zoladex,,,,,,
zoledronic-acid,,,,,,
zolmitriptan,,,,,,
zoloft,,,,,,
zolpidem,,,,,,
zometa,,,,,,
zomig,,,,,,
zonegran,,,,,,
zonisamide,,,,,,
zostavax,,,,,,
zosyn,,,,,,
zovirax,,,,,,
zyban,,,,,,
zydelig,,,,,,
zykadia,,,,,,
zyprexa,,,,,,
zyrtec,,,,,,
zytiga,,,,,,
zyvox,"You should not use Zyvox if you are allergic to linezolid.
Do not use linezolid if you have used an MAO inhibitor in the past 14 days. A dangerous drug interaction could occur. MAO inhibitors include isocarboxazid, methylene blue injection, phenelzine, tranylcypromine, and others.
Tell your doctor if you also take stimulant medicine, opioid medicine, herbal products, or medicine for depression, mental illness, Parkinson's disease, migraine headaches, serious infections, or prevention of nausea and vomiting. An interaction with linezolid could cause a serious condition called serotonin syndrome.
To make sure Zyvox is safe for you, tell your doctor if you have ever had:


high blood pressure;


a thyroid disorder;


a carcinoid tumor;


bone marrow suppression or a weak immune system;


kidney or liver disease;


pheochromocytoma (adrenal gland tumor);


diabetes;


seizures; or


if you use a catheter.


Tell your doctor if you are pregnant or breastfeeding.
If you are breastfeeding, tell your doctor if you notice diarrhea or vomiting in the nursing baby.
Zyvox liquid (oral suspension) contains phenylalanine and could be harmful if you have phenylketonuria (PKU).
",,,,,
